latitude,longitude,elevation,utc_offset_seconds,timezone,timezone_abbreviation
42.0,3.0,101.0,7200,Europe/Berlin,CEST

time,temperature_2m_mean (Â°C),precipitation_sum (mm)
2013-01-01,8.1,0.80
2013-01-02,6.6,0.00
2013-01-03,7.4,0.00
2013-01-04,8.1,0.00
2013-01-05,8.9,0.00
2013-01-06,9.2,0.00
2013-01-07,8.9,0.00
2013-01-08,9.0,0.00
2013-01-09,8.4,0.00
2013-01-10,8.6,0.00
2013-01-11,8.3,0.00
2013-01-12,7.1,0.00
2013-01-13,6.3,4.40
2013-01-14,4.9,1.60
2013-01-15,4.9,1.70
2013-01-16,4.6,0.20
2013-01-17,4.7,0.30
2013-01-18,5.1,0.40
2013-01-19,10.4,5.40
2013-01-20,8.5,0.00
2013-01-21,6.6,1.80
2013-01-22,5.8,0.00
2013-01-23,5.6,4.00
2013-01-24,4.8,0.00
2013-01-25,6.1,0.00
2013-01-26,6.4,0.80
2013-01-27,6.8,0.00
2013-01-28,9.3,2.40
2013-01-29,8.4,0.00
2013-01-30,8.9,0.00
2013-01-31,10.6,0.00
2013-02-01,10.4,0.00
2013-02-02,8.6,6.40
2013-02-03,5.9,0.00
2013-02-04,6.7,0.00
2013-02-05,8.9,0.00
2013-02-06,7.0,4.20
2013-02-07,4.9,0.00
2013-02-08,4.3,0.00
2013-02-09,4.6,0.00
2013-02-10,7.2,0.00
2013-02-11,7.3,2.60
2013-02-12,6.4,0.00
2013-02-13,6.9,0.00
2013-02-14,7.4,0.00
2013-02-15,8.9,0.00
2013-02-16,8.3,0.00
2013-02-17,9.1,1.20
2013-02-18,9.2,2.70
2013-02-19,9.1,0.00
2013-02-20,8.2,0.00
2013-02-21,7.9,1.80
2013-02-22,5.5,11.70
2013-02-23,2.7,0.40
2013-02-24,1.6,0.00
2013-02-25,2.8,0.00
2013-02-26,3.8,0.00
2013-02-27,5.8,1.00
2013-02-28,6.3,8.40
2013-03-01,7.3,38.10
2013-03-02,8.6,0.00
2013-03-03,8.3,0.00
2013-03-04,9.4,1.30
2013-03-05,11.7,32.10
2013-03-06,11.8,29.00
2013-03-07,11.2,0.00
2013-03-08,13.1,0.00
2013-03-09,12.4,0.90
2013-03-10,11.3,0.60
2013-03-11,11.0,0.00
2013-03-12,9.8,3.80
2013-03-13,6.2,4.50
2013-03-14,5.2,0.00
2013-03-15,6.0,0.00
2013-03-16,8.3,0.00
2013-03-17,11.3,0.30
2013-03-18,9.4,9.20
2013-03-19,9.3,0.80
2013-03-20,10.3,2.30
2013-03-21,10.8,0.00
2013-03-22,11.8,0.00
2013-03-23,11.6,0.80
2013-03-24,11.2,0.40
2013-03-25,10.5,1.20
2013-03-26,11.6,2.10
2013-03-27,10.7,6.30
2013-03-28,11.9,3.30
2013-03-29,13.2,0.70
2013-03-30,12.6,9.60
2013-03-31,10.7,0.00
2013-04-01,10.2,22.70
2013-04-02,10.2,3.80
2013-04-03,9.9,0.00
2013-04-04,10.6,8.70
2013-04-05,8.7,6.90
2013-04-06,8.1,3.20
2013-04-07,9.8,0.00
2013-04-08,10.1,1.30
2013-04-09,11.8,0.00
2013-04-10,12.5,0.00
2013-04-11,15.5,0.00
2013-04-12,13.3,0.50
2013-04-13,14.0,0.00
2013-04-14,14.1,0.00
2013-04-15,15.1,0.00
2013-04-16,15.8,0.00
2013-04-17,16.8,0.00
2013-04-18,15.6,0.00
2013-04-19,13.4,5.30
2013-04-20,12.1,0.00
2013-04-21,11.8,0.00
2013-04-22,12.5,0.00
2013-04-23,12.6,0.00
2013-04-24,13.1,0.00
2013-04-25,14.4,13.90
2013-04-26,14.4,1.70
2013-04-27,10.5,15.60
2013-04-28,8.9,6.70
2013-04-29,10.7,23.40
2013-04-30,14.4,0.10
2013-05-01,13.7,0.00
2013-05-02,13.5,1.30
2013-05-03,13.9,0.10
2013-05-04,14.9,0.00
2013-05-05,15.5,0.00
2013-05-06,16.3,0.20
2013-05-07,17.1,0.00
2013-05-08,17.7,1.30
2013-05-09,17.6,0.00
2013-05-10,15.2,0.00
2013-05-11,14.6,0.20
2013-05-12,14.7,0.00
2013-05-13,15.5,0.00
2013-05-14,15.7,1.30
2013-05-15,14.3,9.10
2013-05-16,11.9,4.40
2013-05-17,12.5,0.50
2013-05-18,14.1,7.20
2013-05-19,12.6,4.00
2013-05-20,12.4,1.20
2013-05-21,13.1,0.00
2013-05-22,15.8,0.00
2013-05-23,14.9,0.80
2013-05-24,12.2,10.00
2013-05-25,12.0,9.70
2013-05-26,13.0,1.00
2013-05-27,14.7,0.90
2013-05-28,13.4,9.70
2013-05-29,10.6,14.10
2013-05-30,12.0,4.30
2013-05-31,14.5,2.90
2013-06-01,17.7,0.00
2013-06-02,18.0,0.00
2013-06-03,17.1,0.00
2013-06-04,16.4,0.00
2013-06-05,17.6,0.00
2013-06-06,17.7,0.00
2013-06-07,18.7,0.00
2013-06-08,16.8,11.20
2013-06-09,16.6,0.80
2013-06-10,17.1,0.00
2013-06-11,18.7,0.00
2013-06-12,21.0,0.00
2013-06-13,21.7,0.00
2013-06-14,21.9,0.00
2013-06-15,21.3,0.00
2013-06-16,21.9,0.00
2013-06-17,21.5,0.00
2013-06-18,21.1,0.00
2013-06-19,21.1,0.80
2013-06-20,19.1,0.30
2013-06-21,19.0,8.00
2013-06-22,18.8,0.30
2013-06-23,18.9,1.20
2013-06-24,17.3,0.20
2013-06-25,18.3,0.00
2013-06-26,19.2,0.00
2013-06-27,19.1,0.00
2013-06-28,19.5,0.60
2013-06-29,20.1,0.00
2013-06-30,20.8,0.00
2013-07-01,20.8,0.00
2013-07-02,20.9,0.00
2013-07-03,21.0,0.50
2013-07-04,22.2,0.30
2013-07-05,22.6,0.00
2013-07-06,23.3,0.00
2013-07-07,24.3,0.00
2013-07-08,24.1,0.00
2013-07-09,24.1,0.00
2013-07-10,24.4,0.00
2013-07-11,23.2,3.30
2013-07-12,24.4,0.00
2013-07-13,24.6,0.00
2013-07-14,24.6,0.20
2013-07-15,24.9,0.00
2013-07-16,25.2,0.00
2013-07-17,24.7,0.20
2013-07-18,24.0,0.30
2013-07-19,24.3,0.00
2013-07-20,24.2,0.10
2013-07-21,24.2,0.00
2013-07-22,25.0,0.00
2013-07-23,26.1,0.50
2013-07-24,26.6,0.00
2013-07-25,27.0,0.00
2013-07-26,26.7,0.00
2013-07-27,26.8,0.00
2013-07-28,27.2,0.00
2013-07-29,24.7,1.20
2013-07-30,24.5,0.00
2013-07-31,25.4,0.00
2013-08-01,26.1,0.00
2013-08-02,26.3,0.00
2013-08-03,25.4,0.00
2013-08-04,26.0,0.00
2013-08-05,26.8,0.00
2013-08-06,26.6,0.00
2013-08-07,24.4,1.00
2013-08-08,22.0,4.70
2013-08-09,22.8,0.00
2013-08-10,23.7,0.00
2013-08-11,24.1,0.00
2013-08-12,25.5,0.00
2013-08-13,25.8,0.20
2013-08-14,24.6,0.00
2013-08-15,23.8,0.00
2013-08-16,24.1,0.00
2013-08-17,23.5,2.60
2013-08-18,24.0,0.10
2013-08-19,24.4,0.00
2013-08-20,24.1,0.00
2013-08-21,22.7,0.00
2013-08-22,24.2,0.00
2013-08-23,24.1,0.80
2013-08-24,22.7,1.70
2013-08-25,20.0,1.80
2013-08-26,19.9,1.50
2013-08-27,20.4,5.30
2013-08-28,20.6,0.30
2013-08-29,21.5,0.20
2013-08-30,21.9,0.00
2013-08-31,22.3,0.00
2013-09-01,23.0,0.00
2013-09-02,22.6,0.00
2013-09-03,22.1,0.00
2013-09-04,22.1,0.00
2013-09-05,22.3,0.00
2013-09-06,22.3,0.00
2013-09-07,21.8,1.80
2013-09-08,20.4,2.60
2013-09-09,19.9,0.00
2013-09-10,19.4,8.90
2013-09-11,18.1,4.30
2013-09-12,18.1,0.00
2013-09-13,19.1,0.00
2013-09-14,20.9,0.00
2013-09-15,18.1,9.40
2013-09-16,18.4,0.00
2013-09-17,18.0,0.30
2013-09-18,18.9,0.00
2013-09-19,19.6,0.00
2013-09-20,20.0,0.00
2013-09-21,20.0,0.00
2013-09-22,18.7,0.00
2013-09-23,18.8,0.00
2013-09-24,20.3,0.00
2013-09-25,21.8,0.00
2013-09-26,22.5,0.00
2013-09-27,22.7,0.00
2013-09-28,22.3,0.50
2013-09-29,20.9,0.10
2013-09-30,20.1,0.00
2013-10-01,21.8,0.00
2013-10-02,21.7,0.30
2013-10-03,21.4,5.50
2013-10-04,20.1,23.70
2013-10-05,18.9,1.20
2013-10-06,17.5,3.50
2013-10-07,17.2,0.00
2013-10-08,17.6,0.00
2013-10-09,17.7,0.00
2013-10-10,15.7,10.00
2013-10-11,11.0,9.00
2013-10-12,13.3,0.00
2013-10-13,14.9,0.00
2013-10-14,15.9,0.00
2013-10-15,17.7,0.00
2013-10-16,18.5,0.00
2013-10-17,18.5,0.00
2013-10-18,19.3,0.00
2013-10-19,19.8,0.00
2013-10-20,20.4,0.00
2013-10-21,19.4,0.00
2013-10-22,20.0,0.00
2013-10-23,20.6,0.80
2013-10-24,18.8,0.00
2013-10-25,19.8,0.00
2013-10-26,19.9,0.40
2013-10-27,19.9,0.00
2013-10-28,20.4,0.00
2013-10-29,15.3,0.70
2013-10-30,13.5,0.00
2013-10-31,13.5,0.00
2013-11-01,14.8,0.00
2013-11-02,15.8,0.00
2013-11-03,15.1,0.00
2013-11-04,15.2,0.50
2013-11-05,14.0,0.50
2013-11-06,16.4,0.00
2013-11-07,16.4,0.00
2013-11-08,16.0,0.00
2013-11-09,13.5,1.70
2013-11-10,13.8,0.00
2013-11-11,13.4,0.00
2013-11-12,13.4,0.00
2013-11-13,14.9,0.00
2013-11-14,13.1,0.00
2013-11-15,9.5,0.00
2013-11-16,9.8,2.40
2013-11-17,11.6,44.10
2013-11-18,12.7,72.50
2013-11-19,11.5,15.20
2013-11-20,7.5,0.00
2013-11-21,7.9,0.10
2013-11-22,6.0,0.40
2013-11-23,5.9,0.00
2013-11-24,7.7,0.00
2013-11-25,7.5,0.00
2013-11-26,6.0,0.00
2013-11-27,4.3,0.10
2013-11-28,5.3,0.00
2013-11-29,4.6,0.00
2013-11-30,5.4,0.30
2013-12-01,7.7,0.00
2013-12-02,6.8,0.00
2013-12-03,10.8,0.00
2013-12-04,8.2,0.00
2013-12-05,8.0,0.00
2013-12-06,7.5,0.00
2013-12-07,7.9,0.00
2013-12-08,7.2,0.00
2013-12-09,6.3,0.00
2013-12-10,6.8,0.00
2013-12-11,8.8,0.00
2013-12-12,8.9,0.00
2013-12-13,7.3,0.00
2013-12-14,8.6,0.00
2013-12-15,7.6,0.00
2013-12-16,9.2,0.00
2013-12-17,10.8,0.00
2013-12-18,10.7,0.00
2013-12-19,10.8,3.90
2013-12-20,9.6,1.60
2013-12-21,9.2,0.00
2013-12-22,9.0,0.00
2013-12-23,7.7,0.00
2013-12-24,11.4,0.10
2013-12-25,12.5,2.80
2013-12-26,7.8,0.20
2013-12-27,7.9,0.00
2013-12-28,11.7,0.00
2013-12-29,7.6,5.30
2013-12-30,6.0,0.00
2013-12-31,6.4,0.00
2014-01-01,8.4,0.00
2014-01-02,11.3,0.00
2014-01-03,11.7,0.00
2014-01-04,12.2,0.70
2014-01-05,8.6,0.00
2014-01-06,10.2,0.00
2014-01-07,10.6,0.00
2014-01-08,10.9,0.00
2014-01-09,9.8,0.00
2014-01-10,9.0,0.00
2014-01-11,10.2,0.20
2014-01-12,11.2,0.10
2014-01-13,9.6,1.50
2014-01-14,8.5,0.40
2014-01-15,7.9,0.00
2014-01-16,11.8,1.10
2014-01-17,10.3,0.00
2014-01-18,9.7,2.60
2014-01-19,9.8,4.00
2014-01-20,7.4,0.30
2014-01-21,6.2,0.00
2014-01-22,7.0,2.60
2014-01-23,7.8,0.20
2014-01-24,8.7,0.00
2014-01-25,10.5,6.50
2014-01-26,9.9,0.00
2014-01-27,8.8,23.40
2014-01-28,6.9,1.70
2014-01-29,6.8,1.70
2014-01-30,7.1,8.40
2014-01-31,6.2,0.00
2014-02-01,7.9,4.30
2014-02-02,7.4,0.20
2014-02-03,6.8,0.00
2014-02-04,7.2,0.00
2014-02-05,10.7,2.80
2014-02-06,9.3,0.00
2014-02-07,10.5,6.40
2014-02-08,10.8,1.10
2014-02-09,8.5,1.90
2014-02-10,10.3,4.50
2014-02-11,7.5,0.60
2014-02-12,8.4,0.00
2014-02-13,10.6,0.00
2014-02-14,13.3,0.00
2014-02-15,14.8,0.00
2014-02-16,9.5,3.80
2014-02-17,9.0,0.20
2014-02-18,10.7,0.00
2014-02-19,11.4,0.00
2014-02-20,9.7,0.00
2014-02-21,9.1,5.80
2014-02-22,8.1,0.20
2014-02-23,9.2,0.00
2014-02-24,9.9,0.00
2014-02-25,10.6,0.00
2014-02-26,8.4,1.60
2014-02-27,7.2,0.00
2014-02-28,8.0,2.30
2014-03-01,6.2,0.00
2014-03-02,8.4,0.00
2014-03-03,8.7,6.30
2014-03-04,8.3,0.00
2014-03-05,10.0,0.00
2014-03-06,9.8,0.00
2014-03-07,9.7,0.00
2014-03-08,10.6,0.00
2014-03-09,10.3,0.00
2014-03-10,11.2,0.00
2014-03-11,11.4,0.00
2014-03-12,10.5,0.00
2014-03-13,10.3,0.00
2014-03-14,11.0,0.00
2014-03-15,12.8,0.00
2014-03-16,15.4,0.00
2014-03-17,14.4,0.00
2014-03-18,13.7,0.00
2014-03-19,13.5,0.00
2014-03-20,12.7,0.00
2014-03-21,13.5,0.00
2014-03-22,13.0,15.10
2014-03-23,8.1,11.40
2014-03-24,8.4,0.00
2014-03-25,9.5,15.30
2014-03-26,8.2,4.20
2014-03-27,9.1,0.50
2014-03-28,10.0,0.00
2014-03-29,11.6,0.00
2014-03-30,12.3,5.80
2014-03-31,13.1,2.20
2014-04-01,13.5,0.00
2014-04-02,13.3,0.20
2014-04-03,12.6,25.10
2014-04-04,14.0,13.10
2014-04-05,14.1,0.00
2014-04-06,15.0,0.00
2014-04-07,15.4,0.00
2014-04-08,15.0,0.10
2014-04-09,15.0,0.00
2014-04-10,15.4,0.00
2014-04-11,15.2,0.00
2014-04-12,14.8,0.00
2014-04-13,15.5,0.00
2014-04-14,16.3,0.00
2014-04-15,16.5,0.00
2014-04-16,14.6,0.00
2014-04-17,14.2,0.00
2014-04-18,15.2,0.00
2014-04-19,14.6,0.00
2014-04-20,13.2,2.50
2014-04-21,13.3,3.50
2014-04-22,13.9,3.60
2014-04-23,14.8,0.00
2014-04-24,15.9,0.00
2014-04-25,14.7,0.90
2014-04-26,14.8,0.30
2014-04-27,13.5,6.30
2014-04-28,13.4,0.00
2014-04-29,13.8,0.00
2014-04-30,14.9,0.00
2014-05-01,15.5,1.60
2014-05-02,15.0,10.50
2014-05-03,15.4,0.00
2014-05-04,14.5,0.00
2014-05-05,15.4,0.00
2014-05-06,16.3,0.00
2014-05-07,16.5,0.00
2014-05-08,17.7,0.00
2014-05-09,18.8,0.00
2014-05-10,19.4,0.00
2014-05-11,17.1,0.70
2014-05-12,14.8,0.00
2014-05-13,13.5,5.00
2014-05-14,14.6,0.00
2014-05-15,16.3,0.00
2014-05-16,16.0,0.00
2014-05-17,16.4,0.00
2014-05-18,15.3,0.00
2014-05-19,16.6,0.50
2014-05-20,17.1,1.70
2014-05-21,17.5,10.20
2014-05-22,17.3,0.00
2014-05-23,16.8,0.00
2014-05-24,14.8,0.00
2014-05-25,16.0,0.00
2014-05-26,14.4,14.90
2014-05-27,13.6,2.40
2014-05-28,15.1,5.90
2014-05-29,16.2,1.50
2014-05-30,16.3,0.40
2014-05-31,17.1,0.00
2014-06-01,18.4,0.00
2014-06-02,18.3,0.00
2014-06-03,18.7,0.00
2014-06-04,18.2,0.00
2014-06-05,18.3,0.00
2014-06-06,19.6,0.00
2014-06-07,20.9,0.00
2014-06-08,21.9,0.00
2014-06-09,23.1,0.00
2014-06-10,22.9,0.00
2014-06-11,23.3,0.00
2014-06-12,25.1,0.00
2014-06-13,25.6,2.50
2014-06-14,23.9,5.90
2014-06-15,21.2,0.00
2014-06-16,21.3,0.00
2014-06-17,20.7,2.20
2014-06-18,20.0,0.00
2014-06-19,20.9,0.00
2014-06-20,22.9,0.00
2014-06-21,23.7,0.00
2014-06-22,22.6,0.00
2014-06-23,23.1,0.00
2014-06-24,23.4,0.70
2014-06-25,20.5,1.60
2014-06-26,21.7,0.00
2014-06-27,22.2,0.50
2014-06-28,24.1,0.00
2014-06-29,19.8,18.20
2014-06-30,19.1,0.00
2014-07-01,21.5,0.40
2014-07-02,21.2,1.30
2014-07-03,21.0,0.50
2014-07-04,22.5,0.00
2014-07-05,23.1,0.00
2014-07-06,24.4,0.00
2014-07-07,18.5,29.30
2014-07-08,18.3,0.20
2014-07-09,18.2,4.90
2014-07-10,18.6,0.00
2014-07-11,20.6,1.00
2014-07-12,19.4,4.60
2014-07-13,20.0,1.00
2014-07-14,21.0,1.20
2014-07-15,22.0,0.00
2014-07-16,23.2,0.00
2014-07-17,24.5,0.00
2014-07-18,24.9,0.00
2014-07-19,24.9,0.00
2014-07-20,23.3,2.10
2014-07-21,21.4,0.00
2014-07-22,23.3,0.00
2014-07-23,23.8,0.00
2014-07-24,24.6,0.00
2014-07-25,23.8,0.50
2014-07-26,24.2,0.00
2014-07-27,24.5,0.00
2014-07-28,22.0,28.60
2014-07-29,19.9,17.20
2014-07-30,21.2,0.00
2014-07-31,22.9,0.00
2014-08-01,23.3,0.30
2014-08-02,22.0,2.80
2014-08-03,21.8,0.50
2014-08-04,22.7,0.20
2014-08-05,22.8,0.20
2014-08-06,23.1,0.00
2014-08-07,23.3,0.20
2014-08-08,24.5,0.00
2014-08-09,23.8,0.70
2014-08-10,25.1,0.00
2014-08-11,24.3,0.00
2014-08-12,22.6,0.00
2014-08-13,21.4,4.30
2014-08-14,19.9,0.10
2014-08-15,20.0,0.10
2014-08-16,20.1,0.30
2014-08-17,21.2,0.00
2014-08-18,22.5,0.00
2014-08-19,22.2,0.90
2014-08-20,20.6,0.30
2014-08-21,19.8,0.60
2014-08-22,19.6,10.50
2014-08-23,20.0,0.20
2014-08-24,20.4,0.00
2014-08-25,23.1,0.00
2014-08-26,23.3,0.00
2014-08-27,23.6,0.00
2014-08-28,23.7,0.00
2014-08-29,23.3,0.00
2014-08-30,22.7,0.00
2014-08-31,23.0,0.40
2014-09-01,23.0,0.00
2014-09-02,22.6,0.00
2014-09-03,21.9,0.00
2014-09-04,21.6,0.00
2014-09-05,22.3,0.20
2014-09-06,23.2,0.20
2014-09-07,23.9,0.00
2014-09-08,23.4,5.10
2014-09-09,22.0,9.80
2014-09-10,22.6,0.00
2014-09-11,22.8,0.10
2014-09-12,22.0,0.00
2014-09-13,21.9,0.00
2014-09-14,21.7,0.10
2014-09-15,21.1,3.10
2014-09-16,21.7,0.10
2014-09-17,22.0,8.30
2014-09-18,22.4,0.20
2014-09-19,22.8,0.00
2014-09-20,22.1,0.00
2014-09-21,22.2,0.00
2014-09-22,20.8,0.20
2014-09-23,19.5,0.00
2014-09-24,18.6,0.00
2014-09-25,18.7,0.00
2014-09-26,18.5,0.00
2014-09-27,18.2,0.00
2014-09-28,19.7,13.70
2014-09-29,20.7,15.60
2014-09-30,19.7,4.10
2014-10-01,19.6,0.00
2014-10-02,19.4,0.00
2014-10-03,18.7,0.00
2014-10-04,18.8,0.20
2014-10-05,17.7,6.90
2014-10-06,18.5,3.90
2014-10-07,20.4,0.00
2014-10-08,20.8,0.00
2014-10-09,21.1,0.00
2014-10-10,20.5,0.00
2014-10-11,19.6,0.00
2014-10-12,20.6,4.50
2014-10-13,19.5,0.00
2014-10-14,18.7,0.00
2014-10-15,18.3,0.00
2014-10-16,19.2,0.00
2014-10-17,20.2,0.00
2014-10-18,19.9,0.00
2014-10-19,19.9,0.00
2014-10-20,19.6,0.00
2014-10-21,19.5,0.00
2014-10-22,16.8,0.00
2014-10-23,16.5,0.00
2014-10-24,17.4,0.00
2014-10-25,18.3,0.00
2014-10-26,17.7,0.00
2014-10-27,16.6,0.00
2014-10-28,17.0,0.00
2014-10-29,17.3,0.20
2014-10-30,17.5,0.00
2014-10-31,16.8,0.00
2014-11-01,17.0,0.00
2014-11-02,17.3,0.00
2014-11-03,17.5,0.00
2014-11-04,14.9,15.70
2014-11-05,11.6,0.70
2014-11-06,11.1,0.00
2014-11-07,11.8,0.00
2014-11-08,13.4,0.00
2014-11-09,13.2,0.00
2014-11-10,12.8,0.00
2014-11-11,12.9,1.40
2014-11-12,12.8,0.30
2014-11-13,12.9,0.00
2014-11-14,14.7,1.20
2014-11-15,13.5,0.00
2014-11-16,12.0,0.10
2014-11-17,11.4,1.00
2014-11-18,10.5,0.00
2014-11-19,11.4,0.00
2014-11-20,12.7,0.00
2014-11-21,14.3,0.00
2014-11-22,16.0,0.00
2014-11-23,16.0,0.00
2014-11-24,16.2,3.70
2014-11-25,15.1,2.10
2014-11-26,13.7,4.50
2014-11-27,12.5,2.30
2014-11-28,14.7,20.40
2014-11-29,15.8,29.50
2014-11-30,15.3,68.70
2014-12-01,12.7,6.80
2014-12-02,10.7,0.00
2014-12-03,8.5,0.00
2014-12-04,8.9,3.80
2014-12-05,9.2,4.70
2014-12-06,8.0,0.10
2014-12-07,8.0,1.10
2014-12-08,8.5,1.50
2014-12-09,7.0,0.00
2014-12-10,6.9,0.00
2014-12-11,9.3,0.00
2014-12-12,9.9,0.00
2014-12-13,11.0,0.00
2014-12-14,9.9,0.00
2014-12-15,10.2,15.60
2014-12-16,9.9,0.50
2014-12-17,8.8,1.40
2014-12-18,10.8,0.00
2014-12-19,11.0,0.00
2014-12-20,11.2,0.00
2014-12-21,9.4,0.00
2014-12-22,8.4,0.00
2014-12-23,8.6,0.00
2014-12-24,7.8,0.00
2014-12-25,7.5,0.00
2014-12-26,7.9,0.00
2014-12-27,7.5,1.20
2014-12-28,6.3,5.90
2014-12-29,4.4,0.00
2014-12-30,5.1,0.00
2014-12-31,5.1,0.00
2015-01-01,5.6,0.00
2015-01-02,6.5,0.00
2015-01-03,8.5,0.00
2015-01-04,9.2,0.00
2015-01-05,8.0,0.00
2015-01-06,7.7,0.00
2015-01-07,7.2,0.00
2015-01-08,7.3,0.00
2015-01-09,7.9,0.00
2015-01-10,10.1,0.00
2015-01-11,9.7,0.00
2015-01-12,8.8,0.00
2015-01-13,11.1,0.30
2015-01-14,8.7,0.00
2015-01-15,11.9,0.00
2015-01-16,10.7,2.60
2015-01-17,7.1,6.10
2015-01-18,6.4,0.00
2015-01-19,6.2,14.90
2015-01-20,6.2,0.30
2015-01-21,5.1,0.00
2015-01-22,5.7,0.00
2015-01-23,6.1,0.00
2015-01-24,6.2,0.00
2015-01-25,6.5,0.00
2015-01-26,6.1,0.00
2015-01-27,7.2,0.00
2015-01-28,6.6,0.00
2015-01-29,8.4,0.00
2015-01-30,8.2,0.10
2015-01-31,6.4,4.20
2015-02-01,4.0,0.00
2015-02-02,4.3,0.00
2015-02-03,3.9,5.30
2015-02-04,2.9,6.20
2015-02-05,4.0,4.30
2015-02-06,3.0,0.00
2015-02-07,4.4,1.10
2015-02-08,5.5,0.00
2015-02-09,6.6,0.00
2015-02-10,6.8,0.00
2015-02-11,7.0,0.00
2015-02-12,7.4,0.00
2015-02-13,9.3,0.00
2015-02-14,8.4,0.00
2015-02-15,8.9,2.70
2015-02-16,8.1,0.00
2015-02-17,9.6,0.00
2015-02-18,8.9,0.00
2015-02-19,7.9,0.00
2015-02-20,7.7,0.00
2015-02-21,8.0,3.20
2015-02-22,6.3,0.00
2015-02-23,8.5,0.90
2015-02-24,8.1,5.70
2015-02-25,8.9,0.00
2015-02-26,10.8,2.90
2015-02-27,8.8,4.60
2015-02-28,7.7,0.00
2015-03-01,11.1,0.00
2015-03-02,12.7,0.40
2015-03-03,12.2,1.90
2015-03-04,9.1,8.70
2015-03-05,8.7,0.00
2015-03-06,9.2,0.00
2015-03-07,9.6,0.00
2015-03-08,9.7,0.00
2015-03-09,10.2,0.00
2015-03-10,11.2,0.00
2015-03-11,13.0,0.00
2015-03-12,12.1,0.00
2015-03-13,10.7,3.80
2015-03-14,7.5,9.70
2015-03-15,6.3,2.30
2015-03-16,7.4,4.70
2015-03-17,9.0,0.90
2015-03-18,11.3,1.30
2015-03-19,11.7,0.20
2015-03-20,11.7,1.60
2015-03-21,11.5,27.90
2015-03-22,10.2,8.40
2015-03-23,10.9,8.60
2015-03-24,10.3,9.90
2015-03-25,8.8,0.50
2015-03-26,9.6,0.00
2015-03-27,11.6,0.00
2015-03-28,13.6,0.00
2015-03-29,12.8,0.00
2015-03-30,14.3,0.00
2015-03-31,14.2,0.00
2015-04-01,12.4,0.00
2015-04-02,12.2,0.00
2015-04-03,12.7,0.00
2015-04-04,12.4,0.80
2015-04-05,11.4,0.00
2015-04-06,10.3,0.00
2015-04-07,10.0,0.00
2015-04-08,11.3,0.00
2015-04-09,11.5,0.00
2015-04-10,12.0,0.00
2015-04-11,12.5,0.00
2015-04-12,12.7,0.00
2015-04-13,14.0,0.00
2015-04-14,15.4,0.00
2015-04-15,14.8,0.00
2015-04-16,15.7,1.20
2015-04-17,15.1,0.00
2015-04-18,15.5,0.00
2015-04-19,13.7,11.50
2015-04-20,13.6,0.80
2015-04-21,14.7,0.00
2015-04-22,15.0,0.00
2015-04-23,14.9,0.30
2015-04-24,16.3,0.00
2015-04-25,17.6,0.00
2015-04-26,16.5,0.00
2015-04-27,14.5,9.50
2015-04-28,14.1,0.00
2015-04-29,14.0,1.40
2015-04-30,15.0,0.00
2015-05-01,16.7,0.40
2015-05-02,19.0,0.30
2015-05-03,18.9,0.00
2015-05-04,18.5,0.00
2015-05-05,18.0,0.00
2015-05-06,17.9,0.00
2015-05-07,17.7,0.00
2015-05-08,18.6,0.40
2015-05-09,18.9,0.00
2015-05-10,19.3,0.00
2015-05-11,19.5,0.00
2015-05-12,19.7,0.00
2015-05-13,22.0,0.00
2015-05-14,20.8,0.00
2015-05-15,16.3,1.10
2015-05-16,18.1,0.00
2015-05-17,19.1,0.00
2015-05-18,19.9,0.00
2015-05-19,16.0,7.60
2015-05-20,13.8,4.90
2015-05-21,14.8,0.00
2015-05-22,16.2,0.00
2015-05-23,17.3,0.00
2015-05-24,18.4,0.00
2015-05-25,19.4,0.00
2015-05-26,18.8,0.00
2015-05-27,18.6,0.00
2015-05-28,18.6,0.00
2015-05-29,19.6,0.00
2015-05-30,19.4,0.00
2015-05-31,19.9,0.00
2015-06-01,20.5,0.00
2015-06-02,21.6,0.00
2015-06-03,22.3,0.00
2015-06-04,23.3,0.00
2015-06-05,23.4,0.00
2015-06-06,23.4,0.00
2015-06-07,24.1,0.20
2015-06-08,24.0,1.00
2015-06-09,23.1,3.80
2015-06-10,22.2,0.00
2015-06-11,21.8,0.60
2015-06-12,21.0,2.80
2015-06-13,20.7,1.00
2015-06-14,20.2,0.30
2015-06-15,19.8,6.40
2015-06-16,19.6,4.40
2015-06-17,21.0,0.10
2015-06-18,21.9,0.00
2015-06-19,22.3,0.00
2015-06-20,23.1,0.00
2015-06-21,23.2,0.00
2015-06-22,24.3,0.00
2015-06-23,23.1,1.00
2015-06-24,21.8,0.40
2015-06-25,22.2,0.00
2015-06-26,24.1,0.00
2015-06-27,24.9,0.00
2015-06-28,25.5,0.00
2015-06-29,26.7,0.00
2015-06-30,27.0,0.00
2015-07-01,26.0,0.00
2015-07-02,26.3,0.00
2015-07-03,26.9,0.00
2015-07-04,28.6,0.00
2015-07-05,29.9,0.00
2015-07-06,29.5,0.00
2015-07-07,29.2,0.00
2015-07-08,27.1,0.00
2015-07-09,25.1,0.00
2015-07-10,25.7,0.00
2015-07-11,26.0,0.00
2015-07-12,26.6,0.00
2015-07-13,26.3,0.00
2015-07-14,26.7,0.00
2015-07-15,27.6,0.00
2015-07-16,27.0,0.00
2015-07-17,26.6,0.00
2015-07-18,27.0,0.00
2015-07-19,26.5,0.00
2015-07-20,27.4,0.00
2015-07-21,28.6,0.00
2015-07-22,27.5,0.10
2015-07-23,26.4,0.10
2015-07-24,27.5,1.20
2015-07-25,24.8,0.00
2015-07-26,25.7,0.00
2015-07-27,24.7,0.70
2015-07-28,24.2,0.00
2015-07-29,23.7,6.80
2015-07-30,21.6,0.30
2015-07-31,22.7,0.80
2015-08-01,21.4,5.80
2015-08-02,23.9,0.00
2015-08-03,25.1,0.00
2015-08-04,25.2,0.00
2015-08-05,26.5,0.00
2015-08-06,26.3,0.00
2015-08-07,26.4,0.00
2015-08-08,25.6,10.20
2015-08-09,21.4,5.10
2015-08-10,22.5,0.00
2015-08-11,24.0,0.00
2015-08-12,25.3,0.00
2015-08-13,25.1,0.30
2015-08-14,21.1,9.70
2015-08-15,18.8,7.30
2015-08-16,19.7,0.00
2015-08-17,21.0,0.00
2015-08-18,19.9,4.80
2015-08-19,21.1,0.00
2015-08-20,22.4,0.00
2015-08-21,23.0,0.00
2015-08-22,23.7,0.00
2015-08-23,24.8,0.00
2015-08-24,22.4,0.00
2015-08-25,21.7,0.00
2015-08-26,23.3,0.00
2015-08-27,24.7,0.00
2015-08-28,24.6,0.00
2015-08-29,24.3,0.00
2015-08-30,24.1,0.00
2015-08-31,25.1,0.00
2015-09-01,24.0,0.20
2015-09-02,21.5,0.20
2015-09-03,20.1,6.80
2015-09-04,19.3,1.60
2015-09-05,18.8,0.00
2015-09-06,19.7,0.00
2015-09-07,19.5,0.00
2015-09-08,19.7,0.00
2015-09-09,19.9,0.00
2015-09-10,19.3,2.60
2015-09-11,19.5,0.80
2015-09-12,22.6,0.20
2015-09-13,22.6,0.30
2015-09-14,20.0,0.00
2015-09-15,20.6,0.00
2015-09-16,23.2,0.40
2015-09-17,22.1,0.00
2015-09-18,19.2,0.00
2015-09-19,19.3,0.00
2015-09-20,19.8,0.00
2015-09-21,19.4,0.00
2015-09-22,18.2,3.80
2015-09-23,17.1,12.80
2015-09-24,17.8,0.20
2015-09-25,19.0,0.00
2015-09-26,18.2,0.00
2015-09-27,17.9,0.00
2015-09-28,18.1,0.00
2015-09-29,15.7,41.20
2015-09-30,16.2,26.00
2015-10-01,16.9,1.10
2015-10-02,17.3,1.50
2015-10-03,17.7,2.00
2015-10-04,17.5,0.50
2015-10-05,20.3,0.00
2015-10-06,19.7,6.30
2015-10-07,17.1,0.30
2015-10-08,16.6,0.00
2015-10-09,16.0,0.00
2015-10-10,17.2,0.00
2015-10-11,17.1,0.30
2015-10-12,18.1,1.20
2015-10-13,17.2,2.10
2015-10-14,13.7,3.00
2015-10-15,11.9,0.80
2015-10-16,12.9,0.40
2015-10-17,14.5,0.20
2015-10-18,16.3,1.70
2015-10-19,16.1,0.50
2015-10-20,15.2,0.00
2015-10-21,13.5,0.00
2015-10-22,13.6,0.00
2015-10-23,14.8,0.00
2015-10-24,15.3,0.00
2015-10-25,16.2,0.00
2015-10-26,16.0,2.30
2015-10-27,16.3,0.50
2015-10-28,16.5,0.00
2015-10-29,14.6,0.00
2015-10-30,14.6,0.00
2015-10-31,14.4,0.00
2015-11-01,15.3,1.00
2015-11-02,15.0,13.00
2015-11-03,16.9,18.90
2015-11-04,15.6,0.00
2015-11-05,15.1,0.30
2015-11-06,15.5,0.00
2015-11-07,15.8,0.00
2015-11-08,16.8,0.00
2015-11-09,16.3,0.00
2015-11-10,16.1,0.00
2015-11-11,15.3,0.00
2015-11-12,14.1,0.00
2015-11-13,15.1,0.00
2015-11-14,13.7,0.00
2015-11-15,13.5,0.00
2015-11-16,13.7,0.00
2015-11-17,12.9,0.00
2015-11-18,13.4,0.00
2015-11-19,13.8,0.00
2015-11-20,13.6,0.00
2015-11-21,11.4,3.80
2015-11-22,7.0,0.00
2015-11-23,5.9,0.00
2015-11-24,6.1,0.00
2015-11-25,8.8,0.00
2015-11-26,9.8,0.00
2015-11-27,8.6,0.00
2015-11-28,9.2,0.00
2015-11-29,9.1,0.00
2015-11-30,9.2,0.00
2015-12-01,9.5,0.00
2015-12-02,8.5,0.00
2015-12-03,9.3,0.00
2015-12-04,10.2,0.00
2015-12-05,10.9,0.20
2015-12-06,11.0,0.10
2015-12-07,11.4,0.00
2015-12-08,13.0,0.00
2015-12-09,11.9,0.00
2015-12-10,9.8,0.00
2015-12-11,8.9,0.00
2015-12-12,8.8,0.00
2015-12-13,9.3,0.00
2015-12-14,9.2,0.00
2015-12-15,9.8,0.00
2015-12-16,11.5,0.00
2015-12-17,11.7,0.00
2015-12-18,11.2,0.00
2015-12-19,11.7,0.00
2015-12-20,12.1,0.00
2015-12-21,11.8,0.00
2015-12-22,10.4,0.00
2015-12-23,11.1,0.00
2015-12-24,12.7,0.00
2015-12-25,10.3,0.00
2015-12-26,11.0,0.00
2015-12-27,10.0,0.00
2015-12-28,11.4,0.00
2015-12-29,13.1,0.00
2015-12-30,11.4,0.00
2015-12-31,11.0,0.00
2016-01-01,11.1,0.00
2016-01-02,11.2,1.40
2016-01-03,9.4,0.00
2016-01-04,11.1,1.10
2016-01-05,8.7,20.30
2016-01-06,7.0,0.60
2016-01-07,10.6,0.00
2016-01-08,12.9,0.00
2016-01-09,13.3,0.00
2016-01-10,14.1,0.00
2016-01-11,13.9,0.40
2016-01-12,9.1,0.00
2016-01-13,7.7,0.30
2016-01-14,9.7,0.00
2016-01-15,7.6,3.80
2016-01-16,5.2,0.00
2016-01-17,5.1,0.00
2016-01-18,6.4,1.70
2016-01-19,6.2,0.10
2016-01-20,7.6,0.00
2016-01-21,7.7,0.00
2016-01-22,8.7,0.00
2016-01-23,11.1,0.00
2016-01-24,10.1,0.00
2016-01-25,12.4,0.00
2016-01-26,10.8,0.00
2016-01-27,11.7,0.00
2016-01-28,12.0,0.00
2016-01-29,11.4,0.00
2016-01-30,10.9,0.00
2016-01-31,11.0,0.00
2016-02-01,11.0,0.00
2016-02-02,10.8,0.00
2016-02-03,10.1,1.10
2016-02-04,8.2,0.00
2016-02-05,9.0,0.00
2016-02-06,10.7,0.00
2016-02-07,10.4,6.20
2016-02-08,9.9,0.00
2016-02-09,12.1,0.60
2016-02-10,8.6,6.40
2016-02-11,9.2,0.20
2016-02-12,12.4,3.20
2016-02-13,12.9,0.00
2016-02-14,10.8,12.00
2016-02-15,7.9,1.60
2016-02-16,6.7,0.00
2016-02-17,6.2,0.00
2016-02-18,6.7,0.20
2016-02-19,7.0,0.20
2016-02-20,7.7,0.00
2016-02-21,10.5,0.00
2016-02-22,12.3,0.50
2016-02-23,10.2,0.00
2016-02-24,10.9,0.00
2016-02-25,10.5,1.80
2016-02-26,7.9,2.30
2016-02-27,8.8,11.30
2016-02-28,8.5,15.30
2016-02-29,9.4,0.00
2016-03-01,9.3,0.00
2016-03-02,10.7,2.10
2016-03-03,9.0,0.40
2016-03-04,10.4,0.00
2016-03-05,9.3,6.20
2016-03-06,6.9,0.70
2016-03-07,6.9,1.10
2016-03-08,7.4,0.30
2016-03-09,6.9,1.10
2016-03-10,7.5,0.00
2016-03-11,9.0,0.00
2016-03-12,9.2,0.00
2016-03-13,8.8,0.00
2016-03-14,9.0,1.80
2016-03-15,9.6,1.80
2016-03-16,8.1,5.40
2016-03-17,7.3,13.70
2016-03-18,9.2,0.00
2016-03-19,9.6,0.80
2016-03-20,11.2,1.70
2016-03-21,11.8,0.00
2016-03-22,12.5,0.00
2016-03-23,11.9,0.00
2016-03-24,11.6,0.00
2016-03-25,11.3,0.00
2016-03-26,12.7,0.00
2016-03-27,12.1,0.00
2016-03-28,12.9,0.00
2016-03-29,13.9,0.00
2016-03-30,14.2,0.00
2016-03-31,14.9,0.20
2016-04-01,11.7,2.80
2016-04-02,11.8,0.80
2016-04-03,13.1,0.00
2016-04-04,13.1,0.00
2016-04-05,12.4,23.00
2016-04-06,13.8,0.00
2016-04-07,12.6,0.00
2016-04-08,10.7,2.30
2016-04-09,10.7,0.00
2016-04-10,12.8,0.00
2016-04-11,14.0,0.00
2016-04-12,14.4,0.00
2016-04-13,14.3,0.60
2016-04-14,14.6,0.00
2016-04-15,15.7,0.00
2016-04-16,16.5,0.00
2016-04-17,16.4,0.00
2016-04-18,13.9,0.00
2016-04-19,14.0,0.00
2016-04-20,15.0,0.00
2016-04-21,13.4,16.60
2016-04-22,13.2,2.20
2016-04-23,12.9,9.20
2016-04-24,11.9,0.00
2016-04-25,11.8,0.00
2016-04-26,11.7,0.00
2016-04-27,11.8,0.00
2016-04-28,12.0,8.40
2016-04-29,12.2,0.00
2016-04-30,11.3,7.30
2016-05-01,10.9,0.00
2016-05-02,14.0,0.00
2016-05-03,14.9,0.00
2016-05-04,15.1,0.00
2016-05-05,14.7,0.00
2016-05-06,14.6,0.10
2016-05-07,15.0,0.00
2016-05-08,14.1,4.90
2016-05-09,15.2,13.40
2016-05-10,16.0,3.00
2016-05-11,14.9,2.80
2016-05-12,14.1,3.90
2016-05-13,14.5,3.80
2016-05-14,15.9,2.80
2016-05-15,15.4,2.40
2016-05-16,15.4,0.00
2016-05-17,15.5,0.00
2016-05-18,16.6,7.00
2016-05-19,15.5,6.50
2016-05-20,16.5,0.00
2016-05-21,18.6,0.00
2016-05-22,17.3,6.00
2016-05-23,14.4,0.80
2016-05-24,16.1,0.00
2016-05-25,17.7,0.10
2016-05-26,17.6,0.00
2016-05-27,18.4,0.00
2016-05-28,18.7,0.00
2016-05-29,17.8,3.00
2016-05-30,16.5,6.10
2016-05-31,15.9,1.00
2016-06-01,17.0,2.00
2016-06-02,17.5,0.00
2016-06-03,19.0,0.00
2016-06-04,18.8,1.40
2016-06-05,19.6,0.20
2016-06-06,20.8,0.00
2016-06-07,21.7,0.00
2016-06-08,22.6,0.00
2016-06-09,23.1,0.00
2016-06-10,22.1,0.00
2016-06-11,20.6,0.30
2016-06-12,20.0,0.00
2016-06-13,20.5,2.50
2016-06-14,18.0,7.60
2016-06-15,18.3,0.60
2016-06-16,17.8,1.80
2016-06-17,17.0,0.20
2016-06-18,16.4,4.40
2016-06-19,18.0,0.00
2016-06-20,19.6,0.00
2016-06-21,22.1,0.00
2016-06-22,23.1,0.00
2016-06-23,24.1,0.00
2016-06-24,24.0,0.00
2016-06-25,24.0,0.00
2016-06-26,22.1,0.00
2016-06-27,22.2,0.00
2016-06-28,23.8,0.00
2016-06-29,24.6,0.10
2016-06-30,23.9,0.00
2016-07-01,24.9,0.00
2016-07-02,24.4,0.00
2016-07-03,22.7,0.00
2016-07-04,24.4,0.00
2016-07-05,25.3,0.00
2016-07-06,25.8,0.00
2016-07-07,26.4,0.00
2016-07-08,26.5,0.00
2016-07-09,26.9,0.00
2016-07-10,27.5,0.00
2016-07-11,26.7,0.00
2016-07-12,24.5,0.00
2016-07-13,20.8,0.20
2016-07-14,19.7,0.00
2016-07-15,21.8,0.00
2016-07-16,22.6,0.00
2016-07-17,23.4,0.00
2016-07-18,24.2,0.00
2016-07-19,25.0,0.00
2016-07-20,26.8,0.00
2016-07-21,26.2,0.00
2016-07-22,24.9,0.10
2016-07-23,24.8,0.10
2016-07-24,25.7,0.00
2016-07-25,26.2,0.00
2016-07-26,26.7,0.00
2016-07-27,26.3,0.00
2016-07-28,25.3,0.00
2016-07-29,26.1,0.00
2016-07-30,27.9,0.00
2016-07-31,25.0,0.90
2016-08-01,23.5,0.10
2016-08-02,24.3,0.00
2016-08-03,26.1,0.00
2016-08-04,27.2,0.00
2016-08-05,23.5,0.70
2016-08-06,24.1,0.00
2016-08-07,24.5,0.00
2016-08-08,25.5,0.00
2016-08-09,25.1,0.40
2016-08-10,22.9,0.60
2016-08-11,22.2,0.00
2016-08-12,22.7,0.00
2016-08-13,22.8,0.00
2016-08-14,23.8,0.00
2016-08-15,24.6,0.00
2016-08-16,25.4,0.00
2016-08-17,25.5,0.00
2016-08-18,25.2,0.00
2016-08-19,25.4,0.00
2016-08-20,24.2,0.00
2016-08-21,23.0,0.00
2016-08-22,24.0,0.00
2016-08-23,24.2,0.00
2016-08-24,25.0,0.00
2016-08-25,24.9,0.00
2016-08-26,24.1,0.00
2016-08-27,24.8,0.00
2016-08-28,25.3,0.00
2016-08-29,25.1,2.80
2016-08-30,22.2,6.60
2016-08-31,22.5,0.00
2016-09-01,24.2,0.00
2016-09-02,24.9,0.00
2016-09-03,25.5,0.00
2016-09-04,26.6,0.00
2016-09-05,28.0,0.00
2016-09-06,26.4,0.00
2016-09-07,24.1,0.00
2016-09-08,23.4,0.00
2016-09-09,24.2,0.00
2016-09-10,24.3,0.70
2016-09-11,25.0,0.00
2016-09-12,25.2,0.00
2016-09-13,24.4,0.00
2016-09-14,19.7,30.10
2016-09-15,18.7,0.50
2016-09-16,19.8,0.00
2016-09-17,18.3,1.50
2016-09-18,17.8,0.30
2016-09-19,19.7,0.00
2016-09-20,19.1,1.10
2016-09-21,19.6,0.00
2016-09-22,19.8,0.00
2016-09-23,19.8,0.00
2016-09-24,19.5,1.40
2016-09-25,19.1,3.40
2016-09-26,18.8,0.00
2016-09-27,19.8,0.00
2016-09-28,20.3,0.00
2016-09-29,19.2,0.00
2016-09-30,20.5,0.00
2016-10-01,20.4,0.00
2016-10-02,19.7,0.00
2016-10-03,19.2,0.00
2016-10-04,18.8,0.00
2016-10-05,18.9,0.00
2016-10-06,16.5,12.90
2016-10-07,17.4,0.00
2016-10-08,17.1,0.70
2016-10-09,16.1,0.00
2016-10-10,15.5,0.00
2016-10-11,14.5,0.00
2016-10-12,14.7,18.50
2016-10-13,17.3,32.40
2016-10-14,15.9,22.40
2016-10-15,16.3,0.00
2016-10-16,17.5,0.00
2016-10-17,17.8,0.50
2016-10-18,17.8,0.50
2016-10-19,16.1,0.20
2016-10-20,13.9,0.00
2016-10-21,13.4,0.00
2016-10-22,13.6,9.00
2016-10-23,16.7,1.00
2016-10-24,18.5,0.00
2016-10-25,17.5,1.50
2016-10-26,18.8,0.00
2016-10-27,17.0,0.00
2016-10-28,15.5,0.00
2016-10-29,15.1,0.00
2016-10-30,14.8,0.00
2016-10-31,13.9,0.00
2016-11-01,15.8,0.00
2016-11-02,15.1,0.00
2016-11-03,14.0,0.00
2016-11-04,15.5,0.40
2016-11-05,16.4,10.90
2016-11-06,10.6,16.40
2016-11-07,9.3,1.20
2016-11-08,8.6,0.00
2016-11-09,10.9,0.00
2016-11-10,11.9,0.00
2016-11-11,11.7,0.00
2016-11-12,11.6,0.00
2016-11-13,12.0,0.50
2016-11-14,11.6,0.00
2016-11-15,10.6,0.00
2016-11-16,10.4,0.00
2016-11-17,11.4,0.00
2016-11-18,13.3,0.20
2016-11-19,12.6,0.10
2016-11-20,14.7,0.00
2016-11-21,15.8,2.80
2016-11-22,15.7,5.30
2016-11-23,15.1,12.80
2016-11-24,12.3,0.40
2016-11-25,10.2,0.00
2016-11-26,10.2,6.60
2016-11-27,11.5,17.60
2016-11-28,10.6,0.00
2016-11-29,11.1,1.20
2016-11-30,9.4,0.00
2016-12-01,8.1,0.00
2016-12-02,7.4,0.00
2016-12-03,7.7,0.00
2016-12-04,10.8,3.90
2016-12-05,12.2,10.70
2016-12-06,12.7,0.90
2016-12-07,10.9,0.00
2016-12-08,10.3,0.00
2016-12-09,9.9,0.00
2016-12-10,9.5,0.00
2016-12-11,9.7,0.00
2016-12-12,9.6,0.00
2016-12-13,8.5,0.00
2016-12-14,9.8,0.00
2016-12-15,9.5,0.10
2016-12-16,9.2,7.90
2016-12-17,11.0,2.80
2016-12-18,9.1,0.00
2016-12-19,7.7,13.40
2016-12-20,9.0,17.60
2016-12-21,10.4,0.40
2016-12-22,9.9,0.00
2016-12-23,9.9,0.00
2016-12-24,9.5,0.00
2016-12-25,9.4,0.00
2016-12-26,9.9,0.00
2016-12-27,10.6,0.00
2016-12-28,9.2,0.00
2016-12-29,7.5,0.00
2016-12-30,8.0,0.00
2016-12-31,7.1,0.00
2017-01-01,6.3,0.00
2017-01-02,6.9,0.00
2017-01-03,7.4,0.00
2017-01-04,7.2,0.00
2017-01-05,6.2,0.00
2017-01-06,4.7,0.00
2017-01-07,4.8,0.00
2017-01-08,6.4,0.00
2017-01-09,6.1,0.00
2017-01-10,6.6,0.00
2017-01-11,7.8,0.00
2017-01-12,8.8,0.00
2017-01-13,7.8,5.60
2017-01-14,4.6,0.00
2017-01-15,4.8,0.00
2017-01-16,5.7,1.80
2017-01-17,2.7,0.00
2017-01-18,2.8,0.00
2017-01-19,4.6,0.90
2017-01-20,6.7,14.60
2017-01-21,8.5,19.10
2017-01-22,6.5,29.60
2017-01-23,7.3,16.40
2017-01-24,7.5,0.00
2017-01-25,4.8,2.20
2017-01-26,4.7,0.00
2017-01-27,9.2,8.00
2017-01-28,9.5,13.20
2017-01-29,8.3,0.00
2017-01-30,8.5,0.00
2017-01-31,10.3,0.00
2017-02-01,11.6,0.00
2017-02-02,11.2,0.70
2017-02-03,10.9,0.00
2017-02-04,12.0,0.00
2017-02-05,10.8,6.30
2017-02-06,9.3,0.00
2017-02-07,10.1,5.20
2017-02-08,8.9,16.70
2017-02-09,7.5,0.00
2017-02-10,8.6,0.00
2017-02-11,9.0,2.30
2017-02-12,11.9,3.40
2017-02-13,12.5,10.00
2017-02-14,11.4,24.00
2017-02-15,11.5,11.50
2017-02-16,10.7,0.00
2017-02-17,11.3,0.00
2017-02-18,10.0,0.00
2017-02-19,10.4,0.00
2017-02-20,9.9,0.00
2017-02-21,10.8,0.00
2017-02-22,11.5,0.00
2017-02-23,12.3,0.00
2017-02-24,10.9,2.60
2017-02-25,9.2,0.00
2017-02-26,9.8,0.00
2017-02-27,11.6,0.00
2017-02-28,11.3,1.20
2017-03-01,9.9,0.20
2017-03-02,10.7,0.00
2017-03-03,11.3,0.30
2017-03-04,10.6,12.10
2017-03-05,10.0,0.00
2017-03-06,12.1,0.40
2017-03-07,10.9,0.00
2017-03-08,12.1,0.00
2017-03-09,13.8,0.00
2017-03-10,14.5,0.00
2017-03-11,13.8,0.00
2017-03-12,12.6,3.30
2017-03-13,12.7,0.00
2017-03-14,13.8,0.00
2017-03-15,12.3,0.00
2017-03-16,12.0,0.00
2017-03-17,13.4,0.00
2017-03-18,13.4,0.00
2017-03-19,13.7,0.00
2017-03-20,14.2,0.00
2017-03-21,12.9,0.60
2017-03-22,12.8,1.90
2017-03-23,12.5,1.10
2017-03-24,9.4,16.90
2017-03-25,11.1,24.10
2017-03-26,11.8,0.00
2017-03-27,11.3,0.10
2017-03-28,11.8,0.00
2017-03-29,13.4,0.00
2017-03-30,13.9,0.00
2017-03-31,14.1,0.00
2017-04-01,11.6,8.50
2017-04-02,11.3,0.60
2017-04-03,14.0,0.00
2017-04-04,14.5,0.00
2017-04-05,14.7,0.00
2017-04-06,14.7,0.00
2017-04-07,14.0,0.00
2017-04-08,14.3,0.00
2017-04-09,15.1,0.00
2017-04-10,15.6,0.00
2017-04-11,15.7,0.00
2017-04-12,15.3,0.00
2017-04-13,16.4,0.00
2017-04-14,17.1,0.00
2017-04-15,15.6,2.80
2017-04-16,14.3,0.00
2017-04-17,15.4,0.00
2017-04-18,15.9,0.00
2017-04-19,12.7,0.00
2017-04-20,11.2,0.00
2017-04-21,11.6,0.00
2017-04-22,14.1,0.00
2017-04-23,15.3,0.00
2017-04-24,15.7,0.00
2017-04-25,16.0,1.40
2017-04-26,12.6,5.00
2017-04-27,10.0,1.80
2017-04-28,10.6,0.00
2017-04-29,11.9,0.00
2017-04-30,14.2,1.40
2017-05-01,11.9,4.50
2017-05-02,13.2,2.00
2017-05-03,13.3,1.60
2017-05-04,15.0,0.00
2017-05-05,15.5,0.00
2017-05-06,15.6,0.20
2017-05-07,15.7,0.00
2017-05-08,16.8,0.00
2017-05-09,16.1,0.00
2017-05-10,16.4,0.00
2017-05-11,17.3,0.50
2017-05-12,18.7,0.00
2017-05-13,17.5,0.10
2017-05-14,18.1,0.00
2017-05-15,19.3,0.00
2017-05-16,20.1,0.00
2017-05-17,20.1,0.00
2017-05-18,18.8,4.10
2017-05-19,14.2,3.90
2017-05-20,15.9,0.10
2017-05-21,17.7,0.00
2017-05-22,19.0,0.00
2017-05-23,20.9,0.00
2017-05-24,22.3,0.00
2017-05-25,22.7,0.00
2017-05-26,20.2,0.00
2017-05-27,20.6,0.00
2017-05-28,21.4,0.00
2017-05-29,21.5,0.00
2017-05-30,20.1,0.00
2017-05-31,20.0,0.00
2017-06-01,20.4,0.20
2017-06-02,21.6,0.00
2017-06-03,22.3,6.40
2017-06-04,19.5,3.10
2017-06-05,19.2,1.30
2017-06-06,19.9,0.00
2017-06-07,18.0,0.00
2017-06-08,20.0,0.00
2017-06-09,21.1,0.30
2017-06-10,23.3,0.00
2017-06-11,24.1,0.00
2017-06-12,24.9,0.00
2017-06-13,26.4,0.00
2017-06-14,26.3,0.00
2017-06-15,26.6,0.00
2017-06-16,27.4,0.00
2017-06-17,27.3,0.00
2017-06-18,25.6,0.00
2017-06-19,25.1,0.00
2017-06-20,26.3,0.00
2017-06-21,26.5,0.00
2017-06-22,27.1,0.10
2017-06-23,28.0,0.00
2017-06-24,27.0,0.00
2017-06-25,25.7,0.20
2017-06-26,25.7,0.10
2017-06-27,25.0,0.00
2017-06-28,21.1,18.30
2017-06-29,18.6,10.90
2017-06-30,17.9,2.60
2017-07-01,17.8,4.80
2017-07-02,20.2,0.00
2017-07-03,21.9,0.00
2017-07-04,23.1,0.00
2017-07-05,22.7,0.00
2017-07-06,23.9,0.00
2017-07-07,24.1,0.00
2017-07-08,24.0,0.00
2017-07-09,22.5,4.10
2017-07-10,23.7,0.00
2017-07-11,23.9,0.10
2017-07-12,24.9,0.00
2017-07-13,24.4,0.00
2017-07-14,24.1,0.00
2017-07-15,25.4,0.00
2017-07-16,25.1,0.00
2017-07-17,24.3,0.00
2017-07-18,25.3,0.00
2017-07-19,25.3,0.00
2017-07-20,23.8,0.30
2017-07-21,24.3,0.00
2017-07-22,25.2,0.00
2017-07-23,24.6,0.10
2017-07-24,23.1,3.30
2017-07-25,22.0,1.70
2017-07-26,22.3,0.30
2017-07-27,24.2,0.00
2017-07-28,25.4,0.00
2017-07-29,26.2,0.00
2017-07-30,25.7,0.00
2017-07-31,25.3,0.00
2017-08-01,25.5,0.00
2017-08-02,26.9,0.00
2017-08-03,27.2,0.00
2017-08-04,28.6,0.00
2017-08-05,28.8,0.00
2017-08-06,26.0,0.00
2017-08-07,26.2,0.00
2017-08-08,22.3,22.50
2017-08-09,20.2,0.00
2017-08-10,19.5,1.90
2017-08-11,19.7,0.80
2017-08-12,20.8,0.00
2017-08-13,22.5,0.00
2017-08-14,23.9,0.00
2017-08-15,23.3,0.00
2017-08-16,23.7,0.00
2017-08-17,25.4,0.00
2017-08-18,26.7,0.00
2017-08-19,23.6,0.00
2017-08-20,23.0,0.10
2017-08-21,23.5,0.00
2017-08-22,24.4,0.00
2017-08-23,25.2,0.00
2017-08-24,25.6,0.30
2017-08-25,25.5,0.00
2017-08-26,25.2,0.00
2017-08-27,24.6,0.00
2017-08-28,25.6,0.00
2017-08-29,26.8,0.00
2017-08-30,26.1,0.00
2017-08-31,22.0,2.60
2017-09-01,20.7,0.00
2017-09-02,19.2,6.80
2017-09-03,19.5,0.20
2017-09-04,20.7,2.50
2017-09-05,23.3,0.00
2017-09-06,21.7,8.40
2017-09-07,20.0,1.10
2017-09-08,19.9,0.00
2017-09-09,17.8,7.60
2017-09-10,17.5,0.90
2017-09-11,18.9,0.00
2017-09-12,18.3,5.40
2017-09-13,20.8,1.80
2017-09-14,19.6,1.10
2017-09-15,15.1,7.30
2017-09-16,14.1,6.60
2017-09-17,15.6,0.30
2017-09-18,16.0,0.50
2017-09-19,16.4,0.00
2017-09-20,17.0,0.00
2017-09-21,18.2,0.00
2017-09-22,18.5,0.00
2017-09-23,18.1,2.60
2017-09-24,19.4,0.00
2017-09-25,20.0,0.00
2017-09-26,18.4,0.00
2017-09-27,18.9,0.00
2017-09-28,19.4,0.20
2017-09-29,19.9,0.00
2017-09-30,18.7,11.00
2017-10-01,18.1,2.10
2017-10-02,18.6,4.50
2017-10-03,20.0,0.00
2017-10-04,18.7,0.00
2017-10-05,19.6,0.00
2017-10-06,19.1,0.50
2017-10-07,16.2,0.00
2017-10-08,16.9,0.00
2017-10-09,17.9,0.00
2017-10-10,18.1,0.10
2017-10-11,19.3,0.00
2017-10-12,19.6,0.00
2017-10-13,19.6,0.00
2017-10-14,19.5,0.10
2017-10-15,20.5,0.00
2017-10-16,20.0,0.00
2017-10-17,19.4,0.00
2017-10-18,19.1,0.00
2017-10-19,17.0,28.20
2017-10-20,18.1,1.50
2017-10-21,17.6,0.00
2017-10-22,15.3,0.60
2017-10-23,15.4,0.00
2017-10-24,16.4,0.00
2017-10-25,16.6,0.00
2017-10-26,16.7,0.00
2017-10-27,16.8,0.00
2017-10-28,15.9,0.00
2017-10-29,15.2,0.00
2017-10-30,14.6,0.00
2017-10-31,13.7,0.00
2017-11-01,13.5,0.00
2017-11-02,16.4,0.00
2017-11-03,15.7,0.00
2017-11-04,16.6,0.90
2017-11-05,13.7,9.90
2017-11-06,9.8,0.00
2017-11-07,9.6,0.00
2017-11-08,9.5,0.20
2017-11-09,8.6,0.50
2017-11-10,10.1,0.00
2017-11-11,11.7,0.00
2017-11-12,12.3,0.00
2017-11-13,9.7,1.20
2017-11-14,8.9,0.00
2017-11-15,9.0,0.00
2017-11-16,9.3,0.00
2017-11-17,10.5,0.00
2017-11-18,10.5,0.00
2017-11-19,10.5,0.00
2017-11-20,10.9,0.00
2017-11-21,10.7,0.00
2017-11-22,11.8,0.00
2017-11-23,13.0,0.00
2017-11-24,12.8,0.00
2017-11-25,12.0,0.40
2017-11-26,9.3,0.00
2017-11-27,8.2,0.00
2017-11-28,8.2,0.00
2017-11-29,7.3,0.30
2017-11-30,6.0,0.00
2017-12-01,4.7,0.00
2017-12-02,3.9,0.00
2017-12-03,5.9,0.00
2017-12-04,5.8,0.00
2017-12-05,6.6,0.00
2017-12-06,6.3,0.00
2017-12-07,6.9,0.00
2017-12-08,7.4,0.00
2017-12-09,7.5,0.00
2017-12-10,11.4,0.50
2017-12-11,12.0,5.60
2017-12-12,7.4,2.60
2017-12-13,5.7,0.00
2017-12-14,9.0,0.00
2017-12-15,8.3,4.60
2017-12-16,5.9,0.00
2017-12-17,6.0,0.00
2017-12-18,5.6,5.10
2017-12-19,7.3,0.20
2017-12-20,6.9,0.00
2017-12-21,8.9,0.00
2017-12-22,9.2,0.00
2017-12-23,8.8,0.00
2017-12-24,7.5,0.00
2017-12-25,7.9,0.00
2017-12-26,9.0,0.00
2017-12-27,8.9,0.90
2017-12-28,5.9,0.00
2017-12-29,5.6,2.70
2017-12-30,9.0,0.00
2017-12-31,9.9,0.00
2018-01-01,9.1,2.20
2018-01-02,8.8,0.00
2018-01-03,11.6,0.00
2018-01-04,12.3,0.00
2018-01-05,11.2,0.00
2018-01-06,10.6,0.80
2018-01-07,11.0,12.90
2018-01-08,8.2,0.10
2018-01-09,8.0,0.00
2018-01-10,8.2,0.00
2018-01-11,7.9,0.00
2018-01-12,7.4,0.00
2018-01-13,7.0,0.00
2018-01-14,8.3,6.80
2018-01-15,7.3,0.00
2018-01-16,9.0,0.00
2018-01-17,8.6,0.00
2018-01-18,9.2,0.00
2018-01-19,8.2,0.00
2018-01-20,9.4,0.00
2018-01-21,11.3,0.00
2018-01-22,11.0,0.00
2018-01-23,11.0,0.00
2018-01-24,10.4,0.00
2018-01-25,10.9,0.00
2018-01-26,8.2,13.60
2018-01-27,7.6,0.40
2018-01-28,9.8,0.00
2018-01-29,8.1,0.00
2018-01-30,8.4,0.00
2018-01-31,9.1,0.00
2018-02-01,6.7,11.20
2018-02-02,6.1,0.00
2018-02-03,5.3,0.00
2018-02-04,6.0,7.90
2018-02-05,6.9,26.00
2018-02-06,6.4,10.30
2018-02-07,4.9,0.00
2018-02-08,4.0,0.60
2018-02-09,3.6,0.00
2018-02-10,5.1,0.00
2018-02-11,6.1,0.30
2018-02-12,7.1,5.10
2018-02-13,4.2,0.00
2018-02-14,6.3,0.00
2018-02-15,10.6,0.00
2018-02-16,10.5,0.80
2018-02-17,10.5,6.60
2018-02-18,9.1,1.20
2018-02-19,8.5,1.70
2018-02-20,9.9,3.50
2018-02-21,7.6,0.00
2018-02-22,5.3,0.00
2018-02-23,5.3,0.00
2018-02-24,5.3,0.00
2018-02-25,8.5,0.00
2018-02-26,5.7,1.10
2018-02-27,1.5,0.00
2018-02-28,3.1,12.30
2018-03-01,10.4,3.50
2018-03-02,11.2,0.10
2018-03-03,12.5,0.00
2018-03-04,12.3,6.90
2018-03-05,9.7,1.30
2018-03-06,9.7,0.00
2018-03-07,8.7,0.00
2018-03-08,8.9,0.00
2018-03-09,11.0,0.00
2018-03-10,14.2,0.50
2018-03-11,14.1,0.00
2018-03-12,11.2,2.40
2018-03-13,9.5,4.10
2018-03-14,10.7,0.00
2018-03-15,14.1,0.00
2018-03-16,10.2,2.90
2018-03-17,9.2,1.10
2018-03-18,7.7,1.30
2018-03-19,8.1,1.50
2018-03-20,6.6,6.00
2018-03-21,6.4,0.00
2018-03-22,8.2,0.00
2018-03-23,8.9,0.00
2018-03-24,7.9,33.30
2018-03-25,9.4,4.60
2018-03-26,10.0,0.00
2018-03-27,9.8,0.00
2018-03-28,11.9,0.00
2018-03-29,11.4,0.20
2018-03-30,12.1,0.00
2018-03-31,10.1,1.30
2018-04-01,9.7,0.00
2018-04-02,12.1,0.00
2018-04-03,13.2,0.00
2018-04-04,14.8,0.00
2018-04-05,13.2,0.00
2018-04-06,13.0,0.00
2018-04-07,12.9,3.10
2018-04-08,11.6,19.90
2018-04-09,12.8,4.50
2018-04-10,11.5,0.50
2018-04-11,11.1,33.40
2018-04-12,10.5,4.90
2018-04-13,11.2,3.70
2018-04-14,11.8,8.90
2018-04-15,14.2,0.00
2018-04-16,15.0,0.40
2018-04-17,15.3,0.00
2018-04-18,16.2,0.00
2018-04-19,16.2,0.00
2018-04-20,16.0,0.00
2018-04-21,16.5,0.00
2018-04-22,17.6,0.00
2018-04-23,16.6,0.00
2018-04-24,18.2,0.00
2018-04-25,17.9,0.00
2018-04-26,17.4,0.00
2018-04-27,17.2,0.00
2018-04-28,17.3,0.00
2018-04-29,15.6,2.60
2018-04-30,14.0,0.00
2018-05-01,12.6,0.10
2018-05-02,13.9,0.00
2018-05-03,15.4,0.50
2018-05-04,16.3,1.00
2018-05-05,17.7,0.20
2018-05-06,17.2,4.50
2018-05-07,18.0,1.30
2018-05-08,18.0,4.40
2018-05-09,16.7,3.40
2018-05-10,15.9,1.90
2018-05-11,18.1,0.00
2018-05-12,16.8,10.60
2018-05-13,11.6,24.20
2018-05-14,11.9,3.60
2018-05-15,14.2,0.00
2018-05-16,15.9,0.00
2018-05-17,16.4,0.30
2018-05-18,16.5,0.00
2018-05-19,17.7,0.20
2018-05-20,17.5,0.20
2018-05-21,16.6,0.30
2018-05-22,17.7,1.90
2018-05-23,18.3,0.00
2018-05-24,19.4,0.00
2018-05-25,18.6,0.30
2018-05-26,18.9,1.90
2018-05-27,19.3,0.00
2018-05-28,19.1,6.30
2018-05-29,19.7,0.20
2018-05-30,18.6,4.20
2018-05-31,18.4,0.00
2018-06-01,19.6,0.00
2018-06-02,19.7,0.00
2018-06-03,18.2,8.60
2018-06-04,19.2,0.10
2018-06-05,19.8,0.20
2018-06-06,18.4,8.10
2018-06-07,17.9,7.10
2018-06-08,19.8,0.00
2018-06-09,21.7,0.00
2018-06-10,21.3,0.00
2018-06-11,20.3,12.90
2018-06-12,20.1,0.00
2018-06-13,20.5,0.00
2018-06-14,20.3,0.00
2018-06-15,21.1,0.00
2018-06-16,21.4,0.00
2018-06-17,21.1,0.20
2018-06-18,22.3,0.00
2018-06-19,23.0,0.00
2018-06-20,23.9,0.00
2018-06-21,24.6,0.00
2018-06-22,25.0,0.00
2018-06-23,22.9,0.00
2018-06-24,22.3,0.00
2018-06-25,22.8,0.00
2018-06-26,23.6,0.00
2018-06-27,24.5,0.00
2018-06-28,23.9,3.70
2018-06-29,23.3,3.40
2018-06-30,23.7,0.00
2018-07-01,23.4,0.00
2018-07-02,23.7,0.80
2018-07-03,25.4,0.00
2018-07-04,25.1,0.00
2018-07-05,23.8,0.40
2018-07-06,23.3,0.50
2018-07-07,25.3,0.00
2018-07-08,26.1,0.00
2018-07-09,26.6,0.00
2018-07-10,26.0,0.00
2018-07-11,25.4,0.00
2018-07-12,24.7,0.00
2018-07-13,25.4,0.00
2018-07-14,25.7,0.00
2018-07-15,26.9,0.00
2018-07-16,23.9,23.50
2018-07-17,24.0,0.10
2018-07-18,24.9,0.00
2018-07-19,25.4,0.00
2018-07-20,25.0,0.00
2018-07-21,23.0,4.50
2018-07-22,21.8,0.90
2018-07-23,24.0,0.00
2018-07-24,25.7,0.00
2018-07-25,26.6,0.00
2018-07-26,27.0,0.00
2018-07-27,27.5,0.00
2018-07-28,25.3,0.00
2018-07-29,26.1,0.00
2018-07-30,27.1,0.00
2018-07-31,27.5,0.00
2018-08-01,28.6,0.00
2018-08-02,29.7,0.00
2018-08-03,29.3,0.00
2018-08-04,29.6,0.00
2018-08-05,29.6,0.10
2018-08-06,28.2,0.00
2018-08-07,27.7,0.00
2018-08-08,25.5,6.30
2018-08-09,24.3,25.20
2018-08-10,22.8,0.20
2018-08-11,24.1,0.00
2018-08-12,25.8,0.00
2018-08-13,24.6,0.80
2018-08-14,23.5,0.10
2018-08-15,24.2,0.00
2018-08-16,24.4,0.00
2018-08-17,24.0,0.30
2018-08-18,23.2,0.00
2018-08-19,25.6,0.00
2018-08-20,26.8,0.00
2018-08-21,26.4,0.00
2018-08-22,25.5,0.00
2018-08-23,25.8,0.10
2018-08-24,25.2,0.00
2018-08-25,21.6,2.00
2018-08-26,21.2,1.60
2018-08-27,23.4,0.00
2018-08-28,25.7,0.00
2018-08-29,24.6,0.60
2018-08-30,23.8,0.20
2018-08-31,22.8,1.70
2018-09-01,22.3,0.30
2018-09-02,21.6,0.00
2018-09-03,22.5,0.40
2018-09-04,21.7,9.10
2018-09-05,22.0,1.70
2018-09-06,21.0,19.00
2018-09-07,21.0,1.20
2018-09-08,21.3,0.00
2018-09-09,22.0,1.90
2018-09-10,22.2,0.00
2018-09-11,22.5,0.00
2018-09-12,22.0,5.10
2018-09-13,22.5,0.00
2018-09-14,22.3,0.10
2018-09-15,22.2,1.50
2018-09-16,21.7,0.40
2018-09-17,21.7,0.00
2018-09-18,21.9,2.00
2018-09-19,21.6,0.00
2018-09-20,23.0,0.00
2018-09-21,23.1,0.00
2018-09-22,22.8,0.00
2018-09-23,24.2,0.00
2018-09-24,22.3,2.90
2018-09-25,19.4,0.00
2018-09-26,19.6,0.00
2018-09-27,18.5,0.00
2018-09-28,20.7,0.00
2018-09-29,21.0,0.20
2018-09-30,20.4,0.50
2018-10-01,18.5,0.00
2018-10-02,17.6,0.00
2018-10-03,19.3,0.00
2018-10-04,19.0,0.00
2018-10-05,19.2,0.00
2018-10-06,19.2,0.00
2018-10-07,16.4,13.60
2018-10-08,15.8,1.30
2018-10-09,16.9,34.60
2018-10-10,18.3,27.20
2018-10-11,19.2,0.00
2018-10-12,19.9,0.70
2018-10-13,19.4,7.80
2018-10-14,19.0,21.10
2018-10-15,18.1,25.70
2018-10-16,16.7,1.40
2018-10-17,17.4,3.10
2018-10-18,17.7,3.70
2018-10-19,18.8,1.10
2018-10-20,18.2,0.00
2018-10-21,18.1,0.00
2018-10-22,17.0,0.00
2018-10-23,16.1,0.00
2018-10-24,17.5,0.00
2018-10-25,17.3,0.00
2018-10-26,16.6,0.30
2018-10-27,12.8,22.60
2018-10-28,9.1,15.20
2018-10-29,8.4,4.70
2018-10-30,10.3,0.10
2018-10-31,12.5,27.00
2018-11-01,11.4,0.30
2018-11-02,12.5,0.00
2018-11-03,12.3,0.00
2018-11-04,14.7,2.90
2018-11-05,14.8,4.00
2018-11-06,13.1,4.40
2018-11-07,13.3,0.30
2018-11-08,13.6,0.00
2018-11-09,13.5,3.20
2018-11-10,13.5,0.00
2018-11-11,15.4,0.00
2018-11-12,16.6,0.10
2018-11-13,16.3,0.00
2018-11-14,16.1,3.40
2018-11-15,14.7,19.20
2018-11-16,14.3,1.10
2018-11-17,12.9,8.20
2018-11-18,11.4,22.80
2018-11-19,11.4,1.90
2018-11-20,11.1,1.30
2018-11-21,10.9,0.00
2018-11-22,10.7,0.00
2018-11-23,12.1,0.00
2018-11-24,9.8,0.00
2018-11-25,10.0,1.50
2018-11-26,9.8,0.90
2018-11-27,9.9,0.00
2018-11-28,10.9,0.00
2018-11-29,11.4,0.00
2018-11-30,11.1,0.00
2018-12-01,9.6,0.00
2018-12-02,11.1,0.00
2018-12-03,12.4,0.00
2018-12-04,12.5,0.00
2018-12-05,12.1,0.00
2018-12-06,13.3,0.10
2018-12-07,11.1,0.00
2018-12-08,10.7,0.00
2018-12-09,10.3,0.00
2018-12-10,10.6,0.00
2018-12-11,9.6,0.00
2018-12-12,9.4,0.00
2018-12-13,10.0,3.70
2018-12-14,9.6,5.80
2018-12-15,10.1,0.40
2018-12-16,10.1,1.80
2018-12-17,9.2,1.00
2018-12-18,10.1,0.00
2018-12-19,11.6,0.00
2018-12-20,9.6,2.50
2018-12-21,8.7,0.00
2018-12-22,10.7,0.00
2018-12-23,11.1,0.00
2018-12-24,11.6,0.00
2018-12-25,10.6,0.00
2018-12-26,8.9,0.00
2018-12-27,9.6,0.00
2018-12-28,10.2,0.00
2018-12-29,9.2,0.00
2018-12-30,9.1,0.00
2018-12-31,10.3,0.00
2019-01-01,9.4,0.00
2019-01-02,7.9,0.00
2019-01-03,7.3,0.00
2019-01-04,5.9,0.00
2019-01-05,6.7,0.00
2019-01-06,8.2,0.00
2019-01-07,6.4,0.00
2019-01-08,7.0,0.00
2019-01-09,6.6,0.00
2019-01-10,5.4,0.00
2019-01-11,4.2,0.00
2019-01-12,5.7,0.00
2019-01-13,7.6,0.00
2019-01-14,8.9,0.00
2019-01-15,8.3,0.00
2019-01-16,8.2,0.00
2019-01-17,8.3,0.70
2019-01-18,6.8,3.60
2019-01-19,7.0,0.00
2019-01-20,6.8,15.70
2019-01-21,6.0,0.00
2019-01-22,5.4,0.00
2019-01-23,5.5,2.70
2019-01-24,5.3,0.00
2019-01-25,6.4,0.00
2019-01-26,7.6,0.00
2019-01-27,7.7,2.20
2019-01-28,6.5,0.90
2019-01-29,6.0,1.40
2019-01-30,5.6,0.50
2019-01-31,8.4,0.00
2019-02-01,11.9,1.60
2019-02-02,7.4,2.50
2019-02-03,5.8,0.00
2019-02-04,6.0,0.00
2019-02-05,8.6,0.00
2019-02-06,9.4,0.00
2019-02-07,9.5,0.30
2019-02-08,10.5,2.20
2019-02-09,10.0,0.00
2019-02-10,11.7,0.00
2019-02-11,9.4,3.10
2019-02-12,8.6,0.00
2019-02-13,8.2,0.00
2019-02-14,8.4,0.00
2019-02-15,8.9,0.00
2019-02-16,8.3,0.00
2019-02-17,9.1,0.00
2019-02-18,10.0,0.00
2019-02-19,9.9,0.10
2019-02-20,10.6,0.00
2019-02-21,9.4,0.00
2019-02-22,11.5,0.00
2019-02-23,11.4,0.00
2019-02-24,10.8,0.00
2019-02-25,10.4,0.00
2019-02-26,11.3,0.00
2019-02-27,12.1,0.00
2019-02-28,12.6,0.00
2019-03-01,12.0,0.00
2019-03-02,11.5,0.00
2019-03-03,12.8,0.00
2019-03-04,13.8,0.00
2019-03-05,11.8,0.00
2019-03-06,13.1,0.00
2019-03-07,12.2,0.00
2019-03-08,10.2,0.00
2019-03-09,11.1,0.00
2019-03-10,12.8,0.00
2019-03-11,12.9,0.40
2019-03-12,13.0,0.10
2019-03-13,10.7,4.60
2019-03-14,10.1,0.00
2019-03-15,11.6,0.00
2019-03-16,13.4,0.00
2019-03-17,13.1,0.00
2019-03-18,10.7,1.20
2019-03-19,10.4,0.40
2019-03-20,10.5,0.00
2019-03-21,11.1,0.00
2019-03-22,12.8,0.00
2019-03-23,13.7,0.00
2019-03-24,14.7,0.00
2019-03-25,14.3,0.00
2019-03-26,12.4,0.00
2019-03-27,12.3,0.00
2019-03-28,11.4,0.00
2019-03-29,11.4,0.00
2019-03-30,11.4,0.00
2019-03-31,12.1,0.60
2019-04-01,12.7,0.00
2019-04-02,12.1,1.90
2019-04-03,11.4,13.20
2019-04-04,8.8,0.30
2019-04-05,10.9,1.20
2019-04-06,11.9,4.60
2019-04-07,10.5,2.10
2019-04-08,11.2,0.80
2019-04-09,11.1,4.60
2019-04-10,11.7,0.60
2019-04-11,12.8,0.90
2019-04-12,13.4,0.00
2019-04-13,12.3,0.00
2019-04-14,11.7,0.00
2019-04-15,12.2,0.40
2019-04-16,12.6,2.00
2019-04-17,12.8,0.00
2019-04-18,13.7,1.10
2019-04-19,14.5,0.00
2019-04-20,14.3,1.20
2019-04-21,13.4,3.20
2019-04-22,14.4,4.30
2019-04-23,14.9,6.80
2019-04-24,14.4,0.00
2019-04-25,15.7,0.00
2019-04-26,13.5,1.40
2019-04-27,13.5,0.00
2019-04-28,13.6,0.00
2019-04-29,14.1,0.10
2019-04-30,14.9,0.00
2019-05-01,16.2,0.00
2019-05-02,15.3,1.30
2019-05-03,13.0,7.20
2019-05-04,13.0,0.00
2019-05-05,12.3,0.30
2019-05-06,12.7,0.00
2019-05-07,15.1,0.00
2019-05-08,17.6,1.40
2019-05-09,15.7,0.00
2019-05-10,16.9,0.00
2019-05-11,15.5,7.60
2019-05-12,15.7,0.00
2019-05-13,16.1,0.00
2019-05-14,16.1,0.00
2019-05-15,14.5,0.00
2019-05-16,15.6,0.00
2019-05-17,13.1,12.00
2019-05-18,12.7,25.90
2019-05-19,12.7,0.20
2019-05-20,13.8,2.30
2019-05-21,15.5,0.00
2019-05-22,17.0,0.00
2019-05-23,17.8,0.00
2019-05-24,16.5,10.50
2019-05-25,17.4,0.90
2019-05-26,18.2,0.50
2019-05-27,18.0,0.00
2019-05-28,16.5,1.40
2019-05-29,16.1,1.40
2019-05-30,17.8,0.00
2019-05-31,18.5,0.00
2019-06-01,19.4,0.00
2019-06-02,20.9,0.00
2019-06-03,21.0,0.00
2019-06-04,21.2,0.00
2019-06-05,19.0,0.50
2019-06-06,17.2,0.10
2019-06-07,19.6,0.00
2019-06-08,18.6,0.00
2019-06-09,19.6,0.00
2019-06-10,20.3,2.80
2019-06-11,14.8,12.30
2019-06-12,15.3,0.00
2019-06-13,17.0,0.10
2019-06-14,19.8,0.00
2019-06-15,19.3,0.00
2019-06-16,20.2,0.00
2019-06-17,21.5,0.00
2019-06-18,22.7,0.00
2019-06-19,22.4,0.00
2019-06-20,21.5,0.00
2019-06-21,21.7,0.00
2019-06-22,21.3,0.00
2019-06-23,23.8,0.00
2019-06-24,23.2,0.00
2019-06-25,23.4,0.00
2019-06-26,25.4,0.00
2019-06-27,26.8,0.00
2019-06-28,29.1,0.00
2019-06-29,28.6,0.00
2019-06-30,26.8,0.00
2019-07-01,25.9,0.00
2019-07-02,26.7,0.00
2019-07-03,27.2,0.00
2019-07-04,26.7,0.00
2019-07-05,27.2,0.00
2019-07-06,27.2,0.00
2019-07-07,27.6,0.00
2019-07-08,27.5,0.00
2019-07-09,24.0,8.40
2019-07-10,24.7,0.00
2019-07-11,25.7,0.00
2019-07-12,26.6,0.00
2019-07-13,26.7,0.00
2019-07-14,24.7,5.20
2019-07-15,24.9,0.40
2019-07-16,24.2,0.00
2019-07-17,24.5,0.50
2019-07-18,24.3,0.00
2019-07-19,24.8,0.00
2019-07-20,25.5,0.00
2019-07-21,25.5,0.00
2019-07-22,27.9,0.00
2019-07-23,28.1,0.00
2019-07-24,27.2,0.00
2019-07-25,27.5,0.00
2019-07-26,26.9,0.00
2019-07-27,22.5,44.10
2019-07-28,21.5,0.00
2019-07-29,24.0,0.00
2019-07-30,23.8,0.00
2019-07-31,22.1,0.00
2019-08-01,23.3,0.00
2019-08-02,24.9,0.00
2019-08-03,25.4,0.00
2019-08-04,25.9,0.00
2019-08-05,26.3,0.00
2019-08-06,25.6,0.00
2019-08-07,24.9,0.00
2019-08-08,26.7,0.00
2019-08-09,28.3,0.00
2019-08-10,26.9,0.00
2019-08-11,26.3,0.00
2019-08-12,23.5,0.30
2019-08-13,22.3,0.00
2019-08-14,22.7,0.00
2019-08-15,22.7,2.00
2019-08-16,23.9,0.00
2019-08-17,25.4,0.00
2019-08-18,26.2,0.00
2019-08-19,24.2,0.10
2019-08-20,22.4,0.00
2019-08-21,23.7,0.00
2019-08-22,24.8,0.00
2019-08-23,24.6,0.00
2019-08-24,24.6,0.00
2019-08-25,25.3,0.00
2019-08-26,25.0,0.00
2019-08-27,23.5,0.90
2019-08-28,24.4,0.20
2019-08-29,25.3,0.30
2019-08-30,26.7,0.00
2019-08-31,26.1,0.00
2019-09-01,25.1,0.80
2019-09-02,22.8,1.50
2019-09-03,23.4,0.20
2019-09-04,23.1,0.00
2019-09-05,22.3,0.10
2019-09-06,20.6,0.00
2019-09-07,20.6,0.00
2019-09-08,20.0,0.60
2019-09-09,20.4,0.00
2019-09-10,16.6,44.80
2019-09-11,19.2,6.20
2019-09-12,21.2,0.00
2019-09-13,21.1,0.00
2019-09-14,21.8,0.30
2019-09-15,21.3,1.50
2019-09-16,21.6,0.00
2019-09-17,22.4,0.00
2019-09-18,22.3,0.00
2019-09-19,21.5,0.00
2019-09-20,21.0,0.90
2019-09-21,19.6,64.10
2019-09-22,21.2,1.10
2019-09-23,19.9,0.80
2019-09-24,19.9,0.00
2019-09-25,19.2,0.00
2019-09-26,19.3,0.40
2019-09-27,20.1,2.20
2019-09-28,20.3,0.00
2019-09-29,20.8,0.00
2019-09-30,20.8,0.00
2019-10-01,20.6,6.70
2019-10-02,18.7,6.60
2019-10-03,18.1,0.00
2019-10-04,18.9,0.50
2019-10-05,18.4,0.20
2019-10-06,18.1,0.00
2019-10-07,17.8,2.80
2019-10-08,18.6,0.00
2019-10-09,17.6,2.20
2019-10-10,17.4,0.80
2019-10-11,18.2,0.00
2019-10-12,20.1,0.00
2019-10-13,20.4,0.10
2019-10-14,20.1,1.20
2019-10-15,17.1,1.30
2019-10-16,16.6,0.00
2019-10-17,17.3,0.00
2019-10-18,17.6,0.00
2019-10-19,19.5,0.00
2019-10-20,19.2,1.00
2019-10-21,15.0,5.00
2019-10-22,15.5,105.10
2019-10-23,17.6,65.40
2019-10-24,15.3,0.00
2019-10-25,15.4,0.00
2019-10-26,15.9,0.00
2019-10-27,16.0,0.00
2019-10-28,16.4,0.10
2019-10-29,16.4,0.00
2019-10-30,16.4,0.00
2019-10-31,16.8,4.30
2019-11-01,15.2,0.00
2019-11-02,17.3,0.00
2019-11-03,16.4,0.60
2019-11-04,15.3,0.00
2019-11-05,13.2,1.40
2019-11-06,11.9,0.30
2019-11-07,11.5,3.60
2019-11-08,9.9,3.60
2019-11-09,9.6,0.00
2019-11-10,10.6,0.70
2019-11-11,10.5,0.00
2019-11-12,10.2,0.00
2019-11-13,9.9,0.00
2019-11-14,9.6,7.20
2019-11-15,7.1,1.00
2019-11-16,7.6,0.00
2019-11-17,8.0,0.00
2019-11-18,8.6,1.30
2019-11-19,7.4,0.00
2019-11-20,8.4,0.00
2019-11-21,9.8,0.00
2019-11-22,10.3,1.80
2019-11-23,13.2,4.30
2019-11-24,10.5,0.00
2019-11-25,10.5,0.00
2019-11-26,11.0,0.00
2019-11-27,13.8,0.00
2019-11-28,12.2,0.00
2019-11-29,12.3,0.00
2019-11-30,13.5,1.30
2019-12-01,12.5,0.90
2019-12-02,10.3,0.00
2019-12-03,9.0,0.10
2019-12-04,11.4,51.10
2019-12-05,10.8,37.80
2019-12-06,11.5,0.00
2019-12-07,10.0,0.00
2019-12-08,9.8,0.00
2019-12-09,10.5,3.00
2019-12-10,9.3,0.00
2019-12-11,8.6,0.60
2019-12-12,8.0,1.30
2019-12-13,10.5,0.70
2019-12-14,10.6,0.00
2019-12-15,11.1,0.00
2019-12-16,12.1,0.00
2019-12-17,12.9,0.30
2019-12-18,12.1,0.00
2019-12-19,11.8,0.00
2019-12-20,14.6,6.70
2019-12-21,13.8,0.10
2019-12-22,13.4,0.00
2019-12-23,10.2,0.00
2019-12-24,10.6,0.00
2019-12-25,11.0,0.00
2019-12-26,11.1,0.00
2019-12-27,11.1,0.00
2019-12-28,9.7,0.00
2019-12-29,8.7,0.00
2019-12-30,9.2,0.00
2019-12-31,8.8,0.00
2020-01-01,8.2,0.00
2020-01-02,8.4,0.00
2020-01-03,8.6,0.00
2020-01-04,9.0,0.00
2020-01-05,8.5,0.00
2020-01-06,9.6,0.00
2020-01-07,8.9,0.00
2020-01-08,9.6,0.00
2020-01-09,8.7,0.00
2020-01-10,9.7,7.40
2020-01-11,7.7,0.00
2020-01-12,6.7,0.00
2020-01-13,6.0,0.00
2020-01-14,7.4,0.00
2020-01-15,9.5,0.00
2020-01-16,8.7,0.00
2020-01-17,9.9,2.50
2020-01-18,8.4,0.00
2020-01-19,7.8,2.80
2020-01-20,6.3,26.30
2020-01-21,9.2,70.50
2020-01-22,11.9,60.30
2020-01-23,11.8,22.50
2020-01-24,8.5,0.00
2020-01-25,9.2,1.60
2020-01-26,9.3,0.40
2020-01-27,8.5,0.00
2020-01-28,8.9,0.00
2020-01-29,9.5,0.00
2020-01-30,10.3,0.40
2020-01-31,11.3,0.00
2020-02-01,11.7,0.00
2020-02-02,12.6,0.00
2020-02-03,13.4,0.00
2020-02-04,11.1,0.00
2020-02-05,9.8,0.00
2020-02-06,8.7,0.00
2020-02-07,9.6,0.00
2020-02-08,9.9,0.00
2020-02-09,10.4,0.00
2020-02-10,12.2,0.00
2020-02-11,11.2,0.00
2020-02-12,10.3,7.30
2020-02-13,11.3,0.00
2020-02-14,10.8,0.00
2020-02-15,11.4,0.00
2020-02-16,13.2,0.00
2020-02-17,12.5,0.00
2020-02-18,10.4,0.20
2020-02-19,9.9,0.00
2020-02-20,9.9,0.00
2020-02-21,10.5,0.00
2020-02-22,10.6,0.00
2020-02-23,11.5,0.00
2020-02-24,11.8,0.00
2020-02-25,11.5,0.00
2020-02-26,10.1,3.00
2020-02-27,11.2,0.00
2020-02-28,11.7,0.00
2020-02-29,13.7,0.00
2020-03-01,13.0,0.20
2020-03-02,12.4,6.50
2020-03-03,8.7,0.00
2020-03-04,9.6,0.00
2020-03-05,12.6,2.20
2020-03-06,9.1,7.80
2020-03-07,8.9,0.00
2020-03-08,10.2,0.00
2020-03-09,10.8,2.30
2020-03-10,11.2,0.00
2020-03-11,13.2,0.00
2020-03-12,13.6,0.00
2020-03-13,13.4,0.00
2020-03-14,12.1,0.10
2020-03-15,12.6,0.00
2020-03-16,11.8,10.20
2020-03-17,12.7,1.00
2020-03-18,12.0,0.00
2020-03-19,11.7,0.00
2020-03-20,10.3,0.00
2020-03-21,10.6,0.00
2020-03-22,11.1,10.30
2020-03-23,11.2,5.60
2020-03-24,10.1,0.40
2020-03-25,8.5,0.50
2020-03-26,6.7,10.10
2020-03-27,7.9,0.00
2020-03-28,11.3,0.00
2020-03-29,12.2,0.20
2020-03-30,9.6,0.90
2020-03-31,9.9,2.80
2020-04-01,10.4,16.30
2020-04-02,9.7,5.50
2020-04-03,10.5,0.00
2020-04-04,11.4,0.00
2020-04-05,12.1,0.00
2020-04-06,11.8,0.00
2020-04-07,13.0,0.00
2020-04-08,13.3,0.20
2020-04-09,13.3,0.00
2020-04-10,13.9,0.00
2020-04-11,14.9,0.00
2020-04-12,14.0,0.00
2020-04-13,12.7,20.90
2020-04-14,14.3,0.50
2020-04-15,13.5,0.20
2020-04-16,14.0,0.00
2020-04-17,15.0,0.10
2020-04-18,15.1,2.40
2020-04-19,14.4,22.10
2020-04-20,14.3,12.50
2020-04-21,13.7,57.70
2020-04-22,13.1,23.90
2020-04-23,14.9,0.00
2020-04-24,15.3,0.00
2020-04-25,14.9,0.00
2020-04-26,15.1,0.00
2020-04-27,15.7,0.30
2020-04-28,15.2,9.00
2020-04-29,14.8,0.30
2020-04-30,15.7,0.60
2020-05-01,16.8,0.00
2020-05-02,17.5,0.20
2020-05-03,18.6,0.00
2020-05-04,19.0,0.00
2020-05-05,19.1,0.00
2020-05-06,19.8,0.00
2020-05-07,18.6,0.00
2020-05-08,18.3,0.00
2020-05-09,17.4,1.00
2020-05-10,16.6,10.10
2020-05-11,16.7,0.80
2020-05-12,15.5,0.30
2020-05-13,17.0,6.70
2020-05-14,15.9,9.90
2020-05-15,15.6,0.00
2020-05-16,16.9,3.90
2020-05-17,17.4,0.20
2020-05-18,18.4,0.00
2020-05-19,20.2,0.00
2020-05-20,21.0,0.00
2020-05-21,20.8,0.00
2020-05-22,21.1,0.00
2020-05-23,20.4,0.00
2020-05-24,18.9,0.00
2020-05-25,19.3,0.00
2020-05-26,20.0,0.00
2020-05-27,20.2,0.00
2020-05-28,19.2,0.00
2020-05-29,19.8,0.70
2020-05-30,19.0,0.30
2020-05-31,19.8,0.00
2020-06-01,19.4,4.60
2020-06-02,19.6,2.60
2020-06-03,20.2,2.20
2020-06-04,16.9,18.90
2020-06-05,16.6,0.00
2020-06-06,18.6,0.10
2020-06-07,17.8,5.70
2020-06-08,16.4,0.40
2020-06-09,16.1,2.70
2020-06-10,16.7,3.20
2020-06-11,17.9,0.70
2020-06-12,20.2,0.00
2020-06-13,19.1,1.00
2020-06-14,18.9,0.40
2020-06-15,18.9,10.00
2020-06-16,18.2,7.60
2020-06-17,17.1,2.00
2020-06-18,17.0,2.80
2020-06-19,19.0,0.00
2020-06-20,20.1,0.00
2020-06-21,21.7,0.00
2020-06-22,22.3,0.10
2020-06-23,22.5,0.00
2020-06-24,23.0,0.00
2020-06-25,23.1,0.00
2020-06-26,23.9,0.00
2020-06-27,22.9,0.00
2020-06-28,23.7,0.20
2020-06-29,23.2,0.60
2020-06-30,23.4,0.00
2020-07-01,24.1,0.00
2020-07-02,23.0,2.70
2020-07-03,20.5,8.80
2020-07-04,21.3,0.00
2020-07-05,23.5,0.00
2020-07-06,24.2,0.00
2020-07-07,22.3,0.20
2020-07-08,22.8,0.00
2020-07-09,24.4,0.00
2020-07-10,24.6,0.00
2020-07-11,24.3,0.00
2020-07-12,23.7,0.00
2020-07-13,24.1,0.00
2020-07-14,22.9,0.00
2020-07-15,21.2,0.20
2020-07-16,21.5,0.00
2020-07-17,22.2,0.90
2020-07-18,22.6,0.90
2020-07-19,23.7,0.00
2020-07-20,24.8,0.00
2020-07-21,24.9,0.00
2020-07-22,25.0,0.00
2020-07-23,26.2,0.00
2020-07-24,25.3,1.40
2020-07-25,25.2,0.00
2020-07-26,24.9,0.00
2020-07-27,26.8,0.00
2020-07-28,25.9,0.00
2020-07-29,26.4,0.00
2020-07-30,27.2,0.00
2020-07-31,27.7,0.00
2020-08-01,28.3,0.00
2020-08-02,25.4,0.00
2020-08-03,22.7,0.80
2020-08-04,22.1,1.40
2020-08-05,23.0,0.00
2020-08-06,24.4,0.00
2020-08-07,25.7,0.00
2020-08-08,27.0,0.00
2020-08-09,27.1,0.00
2020-08-10,27.4,0.00
2020-08-11,27.4,0.00
2020-08-12,26.0,0.00
2020-08-13,25.0,5.40
2020-08-14,24.4,1.20
2020-08-15,25.5,0.00
2020-08-16,23.9,0.10
2020-08-17,24.3,0.00
2020-08-18,24.2,0.10
2020-08-19,25.5,0.00
2020-08-20,26.2,0.00
2020-08-21,26.2,0.00
2020-08-22,26.2,0.00
2020-08-23,24.3,0.00
2020-08-24,23.8,0.00
2020-08-25,25.7,0.00
2020-08-26,26.1,0.00
2020-08-27,26.3,0.00
2020-08-28,24.3,4.70
2020-08-29,18.9,12.90
2020-08-30,18.4,7.90
2020-08-31,18.6,0.00
2020-09-01,20.0,0.00
2020-09-02,21.0,0.10
2020-09-03,21.1,0.00
2020-09-04,21.7,0.00
2020-09-05,22.1,0.10
2020-09-06,21.0,3.10
2020-09-07,18.9,4.60
2020-09-08,20.1,6.00
2020-09-09,19.4,9.10
2020-09-10,20.7,0.50
2020-09-11,21.9,0.00
2020-09-12,22.9,0.00
2020-09-13,22.7,0.00
2020-09-14,22.4,0.00
2020-09-15,22.7,0.00
2020-09-16,23.3,0.00
2020-09-17,23.1,0.00
2020-09-18,23.1,0.00
2020-09-19,22.5,2.40
2020-09-20,21.2,0.00
2020-09-21,19.8,5.70
2020-09-22,19.1,0.20
2020-09-23,20.3,0.00
2020-09-24,21.3,0.00
2020-09-25,16.2,10.40
2020-09-26,14.4,0.30
2020-09-27,13.5,3.00
2020-09-28,16.0,0.00
2020-09-29,17.2,0.00
2020-09-30,17.4,0.00
2020-10-01,18.4,0.30
2020-10-02,16.5,20.10
2020-10-03,14.0,3.90
2020-10-04,14.9,0.60
2020-10-05,14.3,0.50
2020-10-06,16.7,0.00
2020-10-07,17.7,0.00
2020-10-08,18.0,0.00
2020-10-09,17.5,0.20
2020-10-10,16.4,23.20
2020-10-11,13.8,3.40
2020-10-12,13.3,0.00
2020-10-13,13.1,2.10
2020-10-14,11.9,26.00
2020-10-15,10.9,0.00
2020-10-16,11.6,0.00
2020-10-17,11.9,0.00
2020-10-18,12.7,0.00
2020-10-19,14.3,0.00
2020-10-20,17.2,0.10
2020-10-21,18.9,0.20
2020-10-22,17.6,2.80
2020-10-23,18.1,0.90
2020-10-24,14.8,0.20
2020-10-25,16.7,0.00
2020-10-26,12.9,5.00
2020-10-27,11.8,0.00
2020-10-28,13.4,0.00
2020-10-29,14.0,0.00
2020-10-30,14.4,0.00
2020-10-31,14.0,0.00
2020-11-01,14.1,0.00
2020-11-02,14.8,0.00
2020-11-03,14.8,0.10
2020-11-04,12.8,0.00
2020-11-05,13.4,0.00
2020-11-06,15.5,1.50
2020-11-07,15.9,10.70
2020-11-08,14.2,0.00
2020-11-09,14.2,0.00
2020-11-10,14.0,0.00
2020-11-11,13.3,0.00
2020-11-12,13.3,0.00
2020-11-13,13.4,0.00
2020-11-14,13.2,0.00
2020-11-15,15.3,0.20
2020-11-16,14.1,0.80
2020-11-17,13.2,0.00
2020-11-18,12.7,0.00
2020-11-19,13.0,0.00
2020-11-20,11.0,0.00
2020-11-21,8.7,0.00
2020-11-22,8.5,0.00
2020-11-23,8.8,0.00
2020-11-24,9.8,0.00
2020-11-25,12.9,0.30
2020-11-26,13.0,10.10
2020-11-27,12.6,25.20
2020-11-28,13.0,35.80
2020-11-29,13.4,0.90
2020-11-30,10.5,0.00
2020-12-01,10.5,3.10
2020-12-02,7.9,1.10
2020-12-03,7.3,0.00
2020-12-04,8.7,1.30
2020-12-05,6.2,0.00
2020-12-06,6.5,1.30
2020-12-07,6.3,2.10
2020-12-08,6.8,1.40
2020-12-09,6.5,0.00
2020-12-10,7.4,0.90
2020-12-11,9.6,4.40
2020-12-12,8.5,0.20
2020-12-13,9.2,0.00
2020-12-14,10.5,0.00
2020-12-15,12.7,0.20
2020-12-16,10.6,0.00
2020-12-17,10.6,0.20
2020-12-18,11.7,1.50
2020-12-19,12.3,0.00
2020-12-20,11.0,0.00
2020-12-21,10.0,0.00
2020-12-22,11.0,0.00
2020-12-23,12.0,0.00
2020-12-24,10.2,3.10
2020-12-25,6.6,0.50
2020-12-26,5.5,0.00
2020-12-27,5.1,0.00
2020-12-28,8.2,1.20
2020-12-29,6.5,4.70
2020-12-30,6.1,0.30
2020-12-31,6.3,0.00
